entity_id,vehicle_id,vehicle_label,trip_id,route_id,route_short_name,route_long_name,direction_id,trip_headsign,latitude,longitude,bearing,speed_mps,current_status,stop_id,stop_name,timestamp_local,feed_header_timestamp_local
vehicle_position_16316,16316,Trolejbuss 15,TROL15-13-1-260323-ba-1340,,,,,,56.915523529052734,24.185792922973633,32.0,8.329999923706055,2,0172,Jāņavārti,2026-04-01T13:51:57+03:00,2026-04-01T13:56:21+03:00
vehicle_position_16371,16371,Trolejbuss 15,TROL15-07-1-260323-ab-1350,,,,,,56.9482421875,24.118091583251953,150.0,5.28000020980835,2,0078,Centrāltirgus,2026-04-01T13:56:15+03:00,2026-04-01T13:56:21+03:00
vehicle_position_17507,17507,Trolejbuss 3,TROL3-08-1-260323-ab-1340,,,,,,56.97949981689453,24.136837005615234,204.0,0.2800000011920929,2,8005,Laktas iela,2026-04-01T13:56:18+03:00,2026-04-01T13:56:21+03:00
vehicle_position_17531,17531,Trolejbuss 15,TROL15-17-1-260323-ba-1400,,,,,,56.900230407714844,24.216655731201172,28.0,0.0,2,0300,Višķu iela/trol. galapunkts,2026-04-01T13:56:18+03:00,2026-04-01T13:56:21+03:00
vehicle_position_17551,17551,Trolejbuss 4,TROL4-11-1-260323-ab-1400,,,,,,56.97772979736328,24.255399703979492,12.0,0.0,2,0179,Jugla,2026-04-01T13:56:14+03:00,2026-04-01T13:56:21+03:00
vehicle_position_17562,17562,Trolejbuss 12,TROL12-03-1-260323-ab-1330,,,,,,56.95902633666992,24.126062393188477,42.0,10.0,2,2021,Matīsa iela,2026-04-01T13:55:15+03:00,2026-04-01T13:56:21+03:00
vehicle_position_17573,17573,Trolejbuss 3,TROL3-02-1-260323-ab-1400,,,,,,56.94483184814453,24.12020492553711,156.0,0.0,2,0079,Centrālā stacija,2026-04-01T13:56:14+03:00,2026-04-01T13:56:21+03:00
vehicle_position_17584,17584,Trolejbuss 22,TROL22-03-1-260323-ba-1350,,,,,,56.93894577026367,24.20401954650879,12.0,1.940000057220459,2,5455,Brāļu Kaudzīšu iela,2026-04-01T13:56:01+03:00,2026-04-01T13:56:21+03:00
vehicle_position_17616,17616,Trolejbuss 15,TROL15-01-1-260323-ab-1330,,,,,,56.91154479980469,24.1925048828125,144.0,2.2200000286102295,2,2088,Malnavas iela,2026-04-01T13:56:17+03:00,2026-04-01T13:56:21+03:00
vehicle_position_17627,17627,Trolejbuss 16,TROL16-05-1-260323-ba-1350,,,,,,56.977203369140625,24.186960220336914,150.0,10.0,2,2093,Linezers,2026-04-01T13:56:14+03:00,2026-04-01T13:56:21+03:00
vehicle_position_17638,17638,Trolejbuss 15,TROL15-19-1-260323-ba-1400,,,,,,56.899620056152344,24.21585464477539,48.0,0.0,2,0300,Višķu iela/trol. galapunkts,2026-04-01T13:56:03+03:00,2026-04-01T13:56:21+03:00
vehicle_position_17649,17649,Trolejbuss 22,TROL22-02-1-260323-ba-1340,,,,,,56.953617095947266,24.147645950317383,270.0,0.8299999833106995,2,0244,Lienes iela,2026-04-01T13:56:17+03:00,2026-04-01T13:56:21+03:00
vehicle_position_17660,17660,Trolejbuss 16,TROL16-03-1-260323-ab-1350,,,,,,56.9461555480957,24.207012176513672,14.0,0.0,2,5343,A.Saharova iela,2026-04-01T13:56:02+03:00,2026-04-01T13:56:21+03:00
vehicle_position_17671,17671,Trolejbuss 15,TROL15-05-1-260323-ab-1350,,,,,,56.9404182434082,24.1377010345459,84.0,1.3899999856948853,2,0276,Mazā Kalna iela,2026-04-01T13:56:02+03:00,2026-04-01T13:56:21+03:00
vehicle_position_17682,17682,Trolejbuss 4,TROL4-20-1-260323-ba-1340,,,,,,56.932281494140625,24.119632720947266,44.0,9.720000267028809,2,1334,Zaķusala,2026-04-01T13:56:16+03:00,2026-04-01T13:56:21+03:00
vehicle_position_17693,17693,Trolejbuss 22,TROL22-06-1-260323-ab-1340,,,,,,56.9503173828125,24.176288604736328,110.0,1.1100000143051147,2,7990,Viršu iela,2026-04-01T13:56:15+03:00,2026-04-01T13:56:21+03:00
vehicle_position_17703,17703,Trolejbuss 4,TROL4-07-1-260323-ab-1330,,,,,,56.968719482421875,24.151958465576172,242.0,5.0,2,0220,K.Barona iela,2026-04-01T13:56:02+03:00,2026-04-01T13:56:21+03:00
vehicle_position_17714,17714,Trolejbuss 16,TROL16-01-1-260323-ab-1330,,,,,,56.97594451904297,24.18870735168457,196.0,0.2800000011920929,2,2100,Aizkraukles iela,2026-04-01T13:56:12+03:00,2026-04-01T13:56:21+03:00
vehicle_position_17736,17736,Trolejbuss 16,TROL16-04-1-260323-ba-1330,,,,,,56.94770431518555,24.196428298950195,102.0,7.21999979019165,2,5140,Ilūkstes iela,2026-04-01T13:56:17+03:00,2026-04-01T13:56:21+03:00
vehicle_position_17769,17769,Trolejbuss 22,TROL22-05-1-260323-ba-1400,,,,,,56.9304084777832,24.19733238220215,218.0,0.0,2,1602,Katlakalna iela,2026-04-01T13:56:16+03:00,2026-04-01T13:56:21+03:00
vehicle_position_17780,17780,Trolejbuss 3,TROL3-05-1-260323-ba-1340,,,,,,56.96433639526367,24.12696647644043,224.0,11.109999656677246,2,0066,Bruņinieku iela,2026-04-01T13:56:14+03:00,2026-04-01T13:56:21+03:00
vehicle_position_17791,17791,Trolejbuss 3,TROL3-03-1-260323-ba-1330,,,,,,56.94911193847656,24.117076873779297,146.0,3.3299999237060547,2,2017,Centrālā stacija,2026-04-01T13:56:16+03:00,2026-04-01T13:56:21+03:00
vehicle_position_17801,17801,Trolejbuss 15,TROL15-11-1-260323-ba-1330,,,,,,56.942283630371094,24.131515502929688,254.0,6.389999866485596,2,0149,Emīlijas Benjamiņas iela,2026-04-01T13:56:17+03:00,2026-04-01T13:56:21+03:00
vehicle_position_17812,17812,Trolejbuss 15,TROL15-09-1-260323-ba-1330,,,,,,56.94211959838867,24.126611709594727,278.0,1.940000057220459,2,0079,Centrālā stacija,2026-04-01T13:55:58+03:00,2026-04-01T13:56:21+03:00
vehicle_position_17834,17834,Trolejbuss 3,TROL3-07-1-260323-ba-1350,,,,,,56.99416732788086,24.12470817565918,242.0,8.329999923706055,2,0106,Tilta iela,2026-04-01T13:56:03+03:00,2026-04-01T13:56:21+03:00
vehicle_position_17845,17845,Trolejbuss 4,TROL4-13-1-260323-ba-1300,,,,,,56.98042297363281,24.24460220336914,120.0,0.0,2,0232,Kvēles iela,2026-04-01T13:56:02+03:00,2026-04-01T13:56:21+03:00
vehicle_position_17878,17878,Trolejbuss 3,TROL3-01-1-260323-ab-1350,,,,,,56.95296096801758,24.11438751220703,312.0,8.890000343322754,2,0259,Mākslas muzejs,2026-04-01T13:56:16+03:00,2026-04-01T13:56:21+03:00
vehicle_position_17889,17889,Trolejbuss 22,TROL22-01-1-260323-ab-1400,,,,,,56.94965744018555,24.131132125854492,74.0,10.279999732971191,2,2076,Avotu iela,2026-04-01T13:56:16+03:00,2026-04-01T13:56:21+03:00
vehicle_position_17891,17891,Trolejbuss 15,TROL15-15-1-260323-ba-1350,,,,,,56.91191482543945,24.19207191467285,324.0,1.940000057220459,2,2084,Malnavas iela,2026-04-01T13:56:02+03:00,2026-04-01T13:56:21+03:00
vehicle_position_17901,17901,Trolejbuss 15,TROL15-03-1-260323-ab-1340,,,,,,56.92772674560547,24.17398452758789,146.0,10.829999923706055,2,0199,"""Kuzņecovs""",2026-04-01T13:56:15+03:00,2026-04-01T13:56:21+03:00
vehicle_position_17998,17998,Trolejbuss 3,TROL3-10-1-260323-ab1-1340,,,,,,56.96013259887695,24.120222091674805,310.0,0.5600000023841858,2,0067,Bruņinieku iela,2026-04-01T13:56:13+03:00,2026-04-01T13:56:21+03:00
vehicle_position_19454,19454,Trolejbuss 13,TROL13-01-1-260323-ba-1340,,,,,,56.96379852294922,24.150489807128906,146.0,5.829999923706055,2,5292,A.Čaka iela,2026-04-01T13:56:16+03:00,2026-04-01T13:56:21+03:00
vehicle_position_19476,19476,Trolejbuss 5,TROL5-02-1-260323-ba-1350,,,,,,56.94270706176758,24.070404052734375,54.0,11.9399995803833,2,2037,Kapseļu iela,2026-04-01T13:56:13+03:00,2026-04-01T13:56:21+03:00
vehicle_position_19487,19487,Trolejbuss 20,TROL20-01-1-260323-ab-1350,,,,,,56.947601318359375,24.118061065673828,170.0,0.0,2,0078,Centrāltirgus,2026-04-01T13:56:14+03:00,2026-04-01T13:56:21+03:00
vehicle_position_19596,19596,Trolejbuss 11,TROL11-02-1-260323-ba-1400,,,,,,56.96465301513672,24.194875717163086,196.0,0.0,2,2125,Ieriķu iela,2026-04-01T13:56:18+03:00,2026-04-01T13:56:21+03:00
vehicle_position_19617,19617,Trolejbuss 5,TROL5-01-1-260323-ab-1410,,,,,,56.95315933227539,24.153921127319336,10.0,0.0,2,2025,Daugavas stadions,2026-04-01T13:56:16+03:00,2026-04-01T13:56:21+03:00
vehicle_position_19639,19639,Trolejbuss 12,TROL12-05-1-260323-ab-1400,,,,,,56.94459533691406,24.059497833251953,228.0,0.0,2,2046,Āgenskalna priedes,2026-04-01T13:56:13+03:00,2026-04-01T13:56:21+03:00
vehicle_position_19672,19672,Trolejbuss 19,TROL19-04-1-260323-ba-1340,,,,,,56.94608688354492,24.11855697631836,314.0,0.0,2,2119,Merķeļa iela,2026-04-01T13:56:13+03:00,2026-04-01T13:56:21+03:00
vehicle_position_19683,19683,Trolejbuss 34,TROL34-02-1-260323-ab-1340,,,,,,56.97005844116211,24.15653419494629,62.0,5.28000020980835,2,0400,VEF,2026-04-01T13:56:15+03:00,2026-04-01T13:56:21+03:00
vehicle_position_19715,19715,Trolejbuss 1,TROL1-01-1-260323-ba-1400,,,,,,56.96751403808594,24.106382369995117,214.0,0.0,2,5472,Pētersala,2026-04-01T13:56:17+03:00,2026-04-01T13:56:21+03:00
vehicle_position_19726,19726,Trolejbuss 13,TROL13-02-1-260323-ab-1330,,,,,,56.969703674316406,24.178138732910156,198.0,0.8299999833106995,2,0193,Tālivalža iela,2026-04-01T13:56:16+03:00,2026-04-01T13:56:21+03:00
vehicle_position_19737,19737,Trolejbuss 34,TROL34-01-1-260323-ba-1340,,,,,,56.98402786254883,24.202516555786133,244.0,9.720000267028809,2,0006,Alfa,2026-04-01T13:56:14+03:00,2026-04-01T13:56:21+03:00
vehicle_position_19759,19759,Trolejbuss 19,TROL19-05-1-260323-ba-1350,,,,,,56.915687561035156,24.097148895263672,322.0,0.0,2,1271,Tadaiķu iela,2026-04-01T13:56:17+03:00,2026-04-01T13:56:21+03:00
vehicle_position_19761,19761,Trolejbuss 1,TROL1-02-1-260323-ab-1400,,,,,,56.946922302246094,24.140840530395508,276.0,3.890000104904175,2,2006,Ģertrūdes iela,2026-04-01T13:56:16+03:00,2026-04-01T13:56:21+03:00
vehicle_position_19781,19781,Trolejbuss 11,TROL11-01-1-260323-ab-1350,,,,,,56.95332336425781,24.134601593017578,132.0,12.779999732971191,2,0037,Avotu iela,2026-04-01T13:56:14+03:00,2026-04-01T13:56:21+03:00
vehicle_position_19792,19792,Trolejbuss 5,TROL5-03-1-260323-ab-1340,,,,,,56.953826904296875,24.106374740600586,234.0,0.0,2,0610,Nacionālais teātris,2026-04-01T13:56:16+03:00,2026-04-01T13:56:21+03:00
vehicle_position_19868,19868,Trolejbuss 19,TROL19-02-1-260323-ab-1350,,,,,,56.95872116088867,24.105451583862305,190.0,3.059999942779541,2,0121,Elizabetes iela,2026-04-01T13:56:15+03:00,2026-04-01T13:56:21+03:00
vehicle_position_19881,19881,Trolejbuss 19,TROL19-01-1-260323-ab-1340,,,,,,56.93547821044922,24.124189376831055,222.0,15.5600004196167,2,1253,Zaķusala,2026-04-01T13:56:16+03:00,2026-04-01T13:56:21+03:00
vehicle_position_22006,22006,Trolejbuss 4,TROL4-05-1-260323-ab-1310,,,,,,56.947547912597656,24.11820411682129,188.0,0.0,2,2017,Centrālā stacija,2026-04-01T13:56:03+03:00,2026-04-01T13:56:21+03:00
vehicle_position_22061,22061,Trolejbuss 25,TROL25-05-1-260323-ab-1330,,,,,,56.95851516723633,24.05206871032715,4.0,1.1100000143051147,2,1124,Slokas iela,2026-04-01T13:56:01+03:00,2026-04-01T13:56:21+03:00
vehicle_position_22072,22072,Trolejbuss 18,TROL18-03-1-260323-ab-1340,,,,,,56.95861053466797,24.18077850341797,114.0,0.0,2,0450,Stirnu iela,2026-04-01T13:56:02+03:00,2026-04-01T13:56:21+03:00
vehicle_position_22094,22094,Trolejbuss 4,TROL4-16-1-260323-ba-1310,,,,,,56.97517776489258,24.173219680786133,62.0,6.670000076293945,2,0455,Struktoru iela,2026-04-01T13:56:01+03:00,2026-04-01T13:56:21+03:00
vehicle_position_26640,26640,Trolejbuss 17,TROL17-01-1-260323-ba-1350,,,,,,56.960304260253906,24.175640106201172,338.0,4.71999979019165,2,2126,Vaidavas iela,2026-04-01T13:56:17+03:00,2026-04-01T13:56:21+03:00
vehicle_position_27101,27101,Trolejbuss 18,TROL18-01-1-260323-ba-1350,,,,,,56.96494674682617,24.23895263671875,202.0,10.0,2,0542,Mežciema pamatskola,2026-04-01T13:56:17+03:00,2026-04-01T13:56:21+03:00
vehicle_position_27112,27112,Trolejbuss 25,TROL25-01-1-260323-ba-1330,,,,,,56.95560836791992,24.11142349243164,62.0,0.0,2,0259,Mākslas muzejs,2026-04-01T13:56:02+03:00,2026-04-01T13:56:21+03:00
vehicle_position_27134,27134,Trolejbuss 14,TROL14-01-1-260323-ab-1350,,,,,,56.95392608642578,24.11652374267578,132.0,5.829999923706055,2,0194b,Esplanāde,2026-04-01T13:56:18+03:00,2026-04-01T13:56:21+03:00
vehicle_position_27145,27145,Trolejbuss 25,TROL25-03-1-260323-ba-1400,,,,,,56.97202682495117,24.06447410583496,316.0,0.0,2,1230,Spilves iela,2026-04-01T13:56:13+03:00,2026-04-01T13:56:21+03:00
vehicle_position_27189,27189,Trolejbuss 18,TROL18-04-1-260323-ab-1350,,,,,,56.95418167114258,24.132551193237305,48.0,7.5,2,0273,Matīsa iela,2026-04-01T13:56:02+03:00,2026-04-01T13:56:21+03:00
vehicle_position_27191,27191,Trolejbuss 18,TROL18-05-1-260323-ba-1330,,,,,,56.9588508605957,24.14092254638672,222.0,7.21999979019165,2,0469,Tallinas iela,2026-04-01T13:56:16+03:00,2026-04-01T13:56:21+03:00
vehicle_position_27201,27201,Trolejbuss 4,TROL4-01-1-260323-ba-1410,,,,,,56.902122497558594,24.10297393798828,16.0,0.0,2,1341,Ziepniekkalna D/P,2026-04-01T13:56:14+03:00,2026-04-01T13:56:21+03:00
vehicle_position_27232,27232,Trolejbuss 25,TROL25-02-1-260323-ba-1340,,,,,,56.94610595703125,24.063188552856445,142.0,5.0,2,1238,Melnsila iela,2026-04-01T13:56:15+03:00,2026-04-01T13:56:21+03:00
vehicle_position_27254,27254,Trolejbuss 17,TROL17-05-1-260323-ab-1340,,,,,,56.97260665893555,24.168630599975586,56.0,0.0,2,0456,Struktoru iela,2026-04-01T13:56:14+03:00,2026-04-01T13:56:21+03:00
vehicle_position_27276,27276,Trolejbuss 9,TROL9-02-1-251124-ab-1340,riga_trol_9,9,Stacijas laukums - Iļģuciems,0.0,Iļģuciems,56.95024490356445,24.054370880126953,356.0,7.21999979019165,2,1118,Botāniskais dārzs/Rīgas Stradiņa universitāte,2026-04-01T13:56:15+03:00,2026-04-01T13:56:21+03:00
vehicle_position_27287,27287,Trolejbuss 17,TROL17-07-1-260323-ab-1350,,,,,,56.95746994018555,24.123458862304688,44.0,8.890000343322754,2,2021,Matīsa iela,2026-04-01T13:56:16+03:00,2026-04-01T13:56:21+03:00
vehicle_position_27298,27298,Trolejbuss 23,TROL23-06-1-260323-ab-1350,,,,,,56.95370864868164,24.131568908691406,46.0,5.0,2,0148,Ģertrūdes iela,2026-04-01T13:56:17+03:00,2026-04-01T13:56:21+03:00
vehicle_position_27319,27319,Trolejbuss 23,TROL23-03-1-260323-ba-1410,,,,,,56.95469665527344,24.2063045501709,48.0,0.0,2,0372,Purvciems,2026-04-01T13:56:17+03:00,2026-04-01T13:56:21+03:00
vehicle_position_27330,27330,Trolejbuss 23,TROL23-07-1-260323-ba-1330,,,,,,56.95272445678711,24.129615783691406,222.0,1.940000057220459,2,0114,Dzirnavu iela,2026-04-01T13:56:03+03:00,2026-04-01T13:56:21+03:00
vehicle_position_27515,27515,Trolejbuss 23,TROL23-02-1-260323-ba-1350,,,,,,56.955650329589844,24.19837188720703,284.0,0.0,2,0156,Ilūkstes iela,2026-04-01T13:56:15+03:00,2026-04-01T13:56:21+03:00
vehicle_position_27526,27526,Trolejbuss 12,TROL12-02-1-260323-ba-1400,,,,,,56.98481369018555,24.20855140686035,74.0,0.0,2,2018,Šmerlis,2026-04-01T13:56:15+03:00,2026-04-01T13:56:21+03:00
vehicle_position_27537,27537,Trolejbuss 25,TROL25-07-1-260323-ab-1340,,,,,,56.949100494384766,24.083789825439453,246.0,13.329999923706055,2,2033,Baložu iela,2026-04-01T13:56:12+03:00,2026-04-01T13:56:21+03:00
vehicle_position_27559,27559,Trolejbuss 14,TROL14-09-1-260323-ab-1340,,,,,,56.969425201416016,24.154525756835938,66.0,4.71999979019165,2,0400,VEF,2026-04-01T13:56:00+03:00,2026-04-01T13:56:21+03:00
vehicle_position_27561,27561,Trolejbuss 23,TROL23-01-1-260323-ba-1340,,,,,,56.96552658081055,24.168277740478516,266.0,10.829999923706055,2,0446,Stārķu iela,2026-04-01T13:56:14+03:00,2026-04-01T13:56:21+03:00
vehicle_position_27581,27581,Trolejbuss 25,TROL25-08-1-260323-ab-1400,,,,,,56.96002197265625,24.129596710205078,242.0,1.1100000143051147,2,2020,Matīsa iela,2026-04-01T13:56:15+03:00,2026-04-01T13:56:21+03:00
vehicle_position_27602,27602,Trolejbuss 4,TROL4-03-1-260323-ab-1300,,,,,,56.91536331176758,24.096782684326172,174.0,8.329999923706055,2,2102,Saulkalnes iela,2026-04-01T13:56:15+03:00,2026-04-01T13:56:21+03:00
vehicle_position_27635,27635,Trolejbuss 9,TROL9-01-1-251124-ba-1400,riga_trol_9,9,Stacijas laukums - Iļģuciems,1.0,Stacijas laukums,56.972103118896484,24.064464569091797,322.0,0.0,2,1230,Spilves iela,2026-04-01T13:56:16+03:00,2026-04-01T13:56:21+03:00
vehicle_position_27646,27646,Trolejbuss 18,TROL18-06-1-260323-ba-1340,,,,,,56.95907211303711,24.180458068847656,290.0,0.0,2,0309,Stirnu iela,2026-04-01T13:56:15+03:00,2026-04-01T13:56:21+03:00
vehicle_position_27657,27657,Trolejbuss 9,TROL9-03-1-251124-ba-1340,riga_trol_9,9,Stacijas laukums - Iļģuciems,1.0,Stacijas laukums,56.940940856933594,24.094011306762695,50.0,0.5600000023841858,2,5185,Nacionālā bibliotēka,2026-04-01T13:56:14+03:00,2026-04-01T13:56:21+03:00
vehicle_position_27668,27668,Trolejbuss 18,TROL18-02-1-260323-ab-1330,,,,,,56.957725524902344,24.237977981567383,72.0,6.940000057220459,2,0151,Hipokrāta iela,2026-04-01T13:56:17+03:00,2026-04-01T13:56:21+03:00
vehicle_position_27679,27679,Trolejbuss 4,TROL4-22-1-260323-ba-1400,,,,,,56.90008544921875,24.1007022857666,248.0,8.329999923706055,2,1342,Ozolciema iela,2026-04-01T13:56:18+03:00,2026-04-01T13:56:21+03:00
vehicle_position_27711,27711,Trolejbuss 4,TROL4-18-1-260323-ba-1330,,,,,,56.952999114990234,24.116188049316406,42.0,0.5600000023841858,2,1490,Tērbatas iela,2026-04-01T13:56:17+03:00,2026-04-01T13:56:21+03:00
vehicle_position_27722,27722,Trolejbuss 23,TROL23-05-1-260323-ab-1340,,,,,,56.964439392089844,24.15335464477539,68.0,11.9399995803833,2,0441,Zemitānu stacija,2026-04-01T13:54:12+03:00,2026-04-01T13:56:21+03:00
vehicle_position_27733,27733,Trolejbuss 17,TROL17-11-1-260323-ba-1340,,,,,,56.9705696105957,24.15789222717285,242.0,6.110000133514404,2,0220,K.Barona iela,2026-04-01T13:56:15+03:00,2026-04-01T13:56:21+03:00
vehicle_position_27744,27744,Trolejbuss 17,TROL17-09-1-260323-ba-1330,,,,,,56.95021438598633,24.11574935913086,148.0,8.890000343322754,2,7980,Centrālā stacija,2026-04-01T13:56:14+03:00,2026-04-01T13:56:21+03:00
vehicle_position_27755,27755,Trolejbuss 17,TROL17-03-1-260323-ab-1330,,,,,,56.95633316040039,24.191150665283203,112.0,0.0,2,0280,Mēbeļu nams,2026-04-01T13:56:15+03:00,2026-04-01T13:56:21+03:00
vehicle_position_28401,28401,Trolejbuss 14,TROL14-07-1-260323-ab-1330,,,,,,56.96687316894531,24.240392684936523,22.0,9.720000267028809,2,7988,"Slimnīca ""Gaiļezers""",2026-04-01T13:56:18+03:00,2026-04-01T13:56:21+03:00
vehicle_position_28412,28412,Trolejbuss 14,TROL14-02-1-260323-ba-1340,,,,,,56.9691276550293,24.1531925201416,240.0,4.71999979019165,2,0220,K.Barona iela,2026-04-01T13:56:16+03:00,2026-04-01T13:56:21+03:00
vehicle_position_28423,28423,Trolejbuss 31,TROL31-03-1-260323-ab-1400,,,,,,56.94472885131836,24.120227813720703,62.0,0.0,2,0079,Centrālā stacija,2026-04-01T13:56:14+03:00,2026-04-01T13:56:21+03:00
vehicle_position_28478,28478,Trolejbuss 31,TROL31-05-1-260323-ba-1330,,,,,,56.97378158569336,24.16802215576172,242.0,2.7799999713897705,2,0399,VEF,2026-04-01T13:56:18+03:00,2026-04-01T13:56:21+03:00
vehicle_position_28543,28543,Trolejbuss 31,TROL31-02-1-260323-ab-1330,,,,,,56.98079299926758,24.191486358642578,60.0,0.0,2,0112,Dzērbenes iela,2026-04-01T13:56:14+03:00,2026-04-01T13:56:21+03:00
vehicle_position_28598,28598,Trolejbuss 19,TROL19-06-1-260323-ab-1320,,,,,,56.90869140625,24.09724235534668,228.0,0.0,2,2107,Ēbelmuižas iela,2026-04-01T13:56:16+03:00,2026-04-01T13:56:21+03:00
vehicle_position_29146,29146,Trolejbuss 14,TROL14-06-1-260323-ba-1400,,,,,,56.970420837402344,24.243122100830078,10.0,0.0,2,8030,Mežciems,2026-04-01T13:56:16+03:00,2026-04-01T13:56:21+03:00
vehicle_position_29157,29157,Trolejbuss 19,TROL19-03-1-260323-ab-1410,,,,,,56.96759796142578,24.106224060058594,358.0,0.0,2,5472,Pētersala,2026-04-01T13:56:14+03:00,2026-04-01T13:56:21+03:00
vehicle_position_29200,29200,Trolejbuss 12,TROL12-01-1-260323-ba-1340,,,,,,56.96002960205078,24.129426956176758,234.0,0.0,2,2020,Matīsa iela,2026-04-01T13:56:14+03:00,2026-04-01T13:56:21+03:00
vehicle_position_29222,29222,Trolejbuss 15,TROL15-20-1-260323-ba-1410,,,,,,56.89994812011719,24.215978622436523,228.0,4.71999979019165,2,0300,Višķu iela/trol. galapunkts,2026-04-01T13:56:14+03:00,2026-04-01T13:56:21+03:00
vehicle_position_29244,29244,Trolejbuss 27,TROL27-02-1-260323-ab-1330,,,,,,56.90327835083008,24.081052780151367,202.0,12.220000267028809,2,5333,Mežkalna iela,2026-04-01T13:56:18+03:00,2026-04-01T13:56:21+03:00
vehicle_position_29266,29266,Trolejbuss 27,TROL27-04-1-260323-ba-1340,,,,,,56.90983581542969,24.08586883544922,20.0,0.0,2,1353,Graudu iela,2026-04-01T13:48:46+03:00,2026-04-01T13:56:21+03:00
vehicle_position_29277,29277,Trolejbuss 14,TROL14-03-1-260323-d2b-1400,,,,,,56.93309783935547,24.094690322875977,40.0,0.0,2,9114,LU Akadēmiskais centrs,2026-04-01T13:56:14+03:00,2026-04-01T13:56:21+03:00
vehicle_position_29288,29288,Trolejbuss 27,TROL27-01-1-260323-ba-1400,,,,,,56.902278900146484,24.10298728942871,14.0,0.0,2,1341,Ziepniekkalna D/P,2026-04-01T13:56:16+03:00,2026-04-01T13:56:21+03:00
vehicle_position_29311,29311,Trolejbuss 35,TROL35-04-1-260323-ab-1340,,,,,,56.965087890625,24.162256240844727,86.0,12.220000267028809,2,0441,Zemitānu stacija,2026-04-01T13:56:17+03:00,2026-04-01T13:56:21+03:00
vehicle_position_29342,29342,Trolejbuss 27,TROL27-03-1-260323-ab-1350,,,,,,56.94567108154297,24.113662719726562,236.0,0.0,2,1025a,13.janvāra iela,2026-04-01T13:56:14+03:00,2026-04-01T13:56:21+03:00
vehicle_position_29375,29375,Trolejbuss 35,TROL35-01-1-260323-ba-1350,,,,,,56.95479965209961,24.20452117919922,270.0,3.059999942779541,2,0156,Ilūkstes iela,2026-04-01T13:56:17+03:00,2026-04-01T13:56:21+03:00
vehicle_position_29431,29431,Trolejbuss 14,TROL14-04-1-260323-ba-1350,,,,,,56.9615364074707,24.223087310791016,296.0,17.780000686645508,2,1530,"Ķeguma iela/Stacionārs ""Biķernieki""",2026-04-01T13:56:13+03:00,2026-04-01T13:56:21+03:00
vehicle_position_30002,30002,Tramvajs 11,TRAM11-05-1-251208-ba-1330,riga_tram_11,11,Ausekļa iela - Mežaparks,1.0,Ausekļa iela,56.952545166015625,24.10649871826172,324.0,5.559999942779541,2,3062,Nacionālais teātris,2026-04-01T13:56:15+03:00,2026-04-01T13:56:21+03:00
vehicle_position_30024,30024,Tramvajs 11,TRAM11-02-1-251208-ab-1340,riga_tram_11,11,Ausekļa iela - Mežaparks,0.0,Mežaparks,56.97301483154297,24.141767501831055,38.0,0.0,2,3231,Kazarmu iela/Lielie kapi,2026-04-01T13:56:16+03:00,2026-04-01T13:56:21+03:00
vehicle_position_30100,30100,Tramvajs 5,TRAM5-03-1-260226-ba-1340,,,,,,56.974456787109375,24.111827850341797,204.0,0.0,2,3092,Lugažu iela,2026-04-01T13:56:13+03:00,2026-04-01T13:56:21+03:00
vehicle_position_30144,30144,Tramvajs 1,TRAM1-14-1-250901-ba-1400,riga_tram_1,1,Imanta - Jugla,1.0,Imanta,56.98973083496094,24.240617752075195,266.0,0.0,2,3106,Jugla,2026-04-01T13:56:14+03:00,2026-04-01T13:56:21+03:00
vehicle_position_30188,30188,Tramvajs 11,TRAM11-08-1-251208-ba-1350,riga_tram_11,11,Ausekļa iela - Mežaparks,1.0,Ausekļa iela,56.98904037475586,24.16425132751465,212.0,9.4399995803833,2,3217,Gaujas iela,2026-04-01T13:56:14+03:00,2026-04-01T13:56:21+03:00
vehicle_position_30220,30220,Tramvajs 8,TRAM8-03-1-260226-ba-1400,,,,,,56.9576530456543,24.04644203186035,12.0,0.0,2,3026,Tapešu iela,2026-04-01T13:56:18+03:00,2026-04-01T13:56:21+03:00
vehicle_position_30307,30307,Tramvajs 7,TRAM7-09-1-251208-ba-1350,riga_tram_7,7,Ausekļa iela - Ķengarags,1.0,Ausekļa iela,56.93337631225586,24.160030364990234,336.0,0.2800000011920929,2,3157,Rēznas iela,2026-04-01T13:56:16+03:00,2026-04-01T13:56:21+03:00
vehicle_position_30405,30405,Tramvajs 8,TRAM8-02-1-260226-ba-1330,,,,,,56.95327377319336,24.105554580688477,300.0,3.890000104904175,2,3062,Nacionālais teātris,2026-04-01T13:56:18+03:00,2026-04-01T13:56:21+03:00
vehicle_position_30536,30536,Tramvajs 10,TRAM10-02-1-250810-ba-1410,riga_tram_10,10,Centrāltirgus - Bišumuiža,1.0,Centrāltirgus,56.91457748413086,24.14070701599121,106.0,0.0,2,3185,Bišumuiža,2026-04-01T13:56:15+03:00,2026-04-01T13:56:21+03:00
vehicle_position_30571,30571,Tramvajs 1,TRAM1-03-1-250901-ba-1300,riga_tram_1,1,Imanta - Jugla,1.0,Imanta,56.956546783447266,24.03490447998047,356.0,10.0,2,3050,Bebru iela,2026-04-01T13:56:15+03:00,2026-04-01T13:56:21+03:00
vehicle_position_30645,30645,Tramvajs 10,TRAM10-01-1-250810-ba-1340,riga_tram_10,10,Centrāltirgus - Bišumuiža,1.0,Centrāltirgus,56.91933059692383,24.091938018798828,288.0,2.2200000286102295,2,3192,Vienības gatve/Bērnu slimnīca,2026-04-01T13:56:13+03:00,2026-04-01T13:56:21+03:00
vehicle_position_30743,30743,Tramvajs 5,TRAM5-04-1-260226-ab-1310,,,,,,56.99472427368164,24.126245498657227,52.0,0.0,2,3075,Sarkandaugava,2026-04-01T13:56:13+03:00,2026-04-01T13:56:21+03:00
vehicle_position_30830,30830,Tramvajs 10,TRAM10-03-1-250810-ab-1350,riga_tram_10,10,Centrāltirgus - Bišumuiža,0.0,Bišumuiža,56.9461784362793,24.105308532714844,318.0,0.2800000011920929,2,3013,Nacionālā bibliotēka,2026-04-01T13:56:16+03:00,2026-04-01T13:56:21+03:00
vehicle_position_30917,30917,Tramvajs 5,TRAM5-02-1-260226-ba-1310,,,,,,56.9460334777832,24.07403564453125,340.0,4.170000076293945,2,3046,Mārtiņa iela,2026-04-01T13:51:26+03:00,2026-04-01T13:56:21+03:00
vehicle_position_31751,31751,Tramvajs 8,TRAM8-04-1-260226-ab-1320,,,,,,56.9454345703125,24.106592178344727,318.0,7.21999979019165,2,3012,Grēcinieku iela,2026-04-01T13:56:16+03:00,2026-04-01T13:56:21+03:00
vehicle_position_31836,31836,Tramvajs 5,TRAM5-01-1-260226-ab-1340,,,,,,56.94003677368164,24.090524673461914,114.0,4.440000057220459,2,3007,Uzvaras parks,2026-04-01T13:56:16+03:00,2026-04-01T13:56:21+03:00
vehicle_position_32036,32036,Tramvajs 1,TRAM1-26-1-250901-ab-1350,riga_tram_1,1,Imanta - Jugla,0.0,Jugla,56.95691680908203,24.034713745117188,176.0,6.940000057220459,2,3035,Bebru iela,2026-04-01T13:56:18+03:00,2026-04-01T13:56:21+03:00
vehicle_position_32091,32091,Tramvajs 1,TRAM1-11-1-250901-ba-1340,riga_tram_1,1,Imanta - Jugla,1.0,Imanta,56.9771842956543,24.1717472076416,228.0,8.890000343322754,2,3116,Gustava Zemgala gatve,2026-04-01T13:51:54+03:00,2026-04-01T13:56:21+03:00
vehicle_position_32134,32134,Tramvajs 7,TRAM7-06-1-251208-d3a-1450,riga_tram_7,7,Ausekļa iela - Ķengarags,1.0,Ausekļa iela,56.932613372802734,24.157928466796875,238.0,0.0,2,3158,Latgales parks,2026-04-01T13:56:17+03:00,2026-04-01T13:56:21+03:00
vehicle_position_32178,32178,Tramvajs 7,TRAM7-04-1-251208-d3a-1430,riga_tram_7,7,Ausekļa iela - Ķengarags,1.0,Ausekļa iela,56.932891845703125,24.15827178955078,54.0,0.0,2,3158,Latgales parks,2026-04-01T13:56:16+03:00,2026-04-01T13:56:21+03:00
vehicle_position_35076,35076,Tramvajs 8,TRAM8-01-1-260226-ab-1350,,,,,,57.005332946777344,24.125011444091797,182.0,10.279999732971191,2,3083,Aldaris,2026-04-01T13:56:16+03:00,2026-04-01T13:56:21+03:00
vehicle_position_35239,35239,Tramvajs 7,TRAM7-08-1-251208-ba-1340,riga_tram_7,7,Ausekļa iela - Ķengarags,1.0,Ausekļa iela,56.93986129760742,24.125749588012695,268.0,2.5,2,3163,Jēzusbaznīcas iela,2026-04-01T13:52:53+03:00,2026-04-01T13:56:21+03:00
vehicle_position_35272,35272,Tramvajs 7,TRAM7-03-1-251208-ab-1340,riga_tram_7,7,Ausekļa iela - Ķengarags,0.0,Ķengarags,56.93438720703125,24.158601760864258,144.0,5.28000020980835,2,3175,Rēznas iela,2026-04-01T13:56:17+03:00,2026-04-01T13:56:21+03:00
vehicle_position_35294,35294,Tramvajs 1,TRAM1-16-1-250901-ab-1300,riga_tram_1,1,Imanta - Jugla,0.0,Jugla,56.98874282836914,24.23480796813965,78.0,10.829999923706055,2,3146,Jugla,2026-04-01T13:56:14+03:00,2026-04-01T13:56:21+03:00
vehicle_position_57093,57093,Tramvajs 1,TRAM1-20-1-250901-ab-1320,riga_tram_1,1,Imanta - Jugla,0.0,Jugla,56.958343505859375,24.135595321655273,48.0,8.329999923706055,2,3131,Tallinas iela,2026-04-01T13:56:15+03:00,2026-04-01T13:56:21+03:00
vehicle_position_57125,57125,Tramvajs 11,TRAM11-01-1-251208-ab-1320,riga_tram_11,11,Ausekļa iela - Mežaparks,0.0,Mežaparks,56.978389739990234,24.14609718322754,32.0,9.720000267028809,2,3233,Brāļu kapi,2026-04-01T13:56:16+03:00,2026-04-01T13:56:21+03:00
vehicle_position_57136,57136,Tramvajs 1,TRAM1-07-1-250901-ba-1320,riga_tram_1,1,Imanta - Jugla,1.0,Imanta,56.94240188598633,24.096601486206055,228.0,12.220000267028809,2,3013,Nacionālā bibliotēka,2026-04-01T13:56:17+03:00,2026-04-01T13:56:21+03:00
vehicle_position_57147,57147,Tramvajs 11,TRAM11-09-1-251208-ba-1400,riga_tram_11,11,Ausekļa iela - Mežaparks,1.0,Ausekļa iela,57.00684356689453,24.163339614868164,60.0,0.0,2,3211,Ezermalas iela,2026-04-01T13:56:14+03:00,2026-04-01T13:56:21+03:00
vehicle_position_57169,57169,Tramvajs 11,TRAM11-06-1-251208-ba-1340,riga_tram_11,11,Ausekļa iela - Mežaparks,1.0,Ausekļa iela,56.960411071777344,24.12932586669922,204.0,0.0,2,3225,Brīvības iela,2026-04-01T13:56:13+03:00,2026-04-01T13:56:21+03:00
vehicle_position_57171,57171,Tramvajs 11,TRAM11-03-1-251208-ab-1350,riga_tram_11,11,Ausekļa iela - Mežaparks,0.0,Mežaparks,56.949710845947266,24.11275291442871,142.0,8.0600004196167,2,3099,Nacionālā opera,2026-04-01T13:56:13+03:00,2026-04-01T13:56:21+03:00
vehicle_position_57180,57180,Tramvajs 1,TRAM1-09-1-250901-ba-1330,riga_tram_1,1,Imanta - Jugla,1.0,Imanta,56.9572639465332,24.1335506439209,228.0,0.0,2,3123,Ģertrūdes iela,2026-04-01T13:56:16+03:00,2026-04-01T13:56:21+03:00
vehicle_position_57201,57201,Tramvajs 1,TRAM1-01-1-250901-ab-1400,riga_tram_1,1,Imanta - Jugla,0.0,Jugla,56.96615982055664,24.00824546813965,134.0,0.0,2,3031,Imanta,2026-04-01T13:56:15+03:00,2026-04-01T13:56:21+03:00
vehicle_position_57539,57539,Tramvajs 7,TRAM7-01-1-251208-ba-1410,riga_tram_7,7,Ausekļa iela - Ķengarags,1.0,Ausekļa iela,56.906410217285156,24.18804359436035,132.0,0.0,2,3148,Eglaines iela/Dole,2026-04-01T13:56:14+03:00,2026-04-01T13:56:21+03:00
vehicle_position_57561,57561,Tramvajs 7,TRAM7-05-1-251208-ab-1350,riga_tram_7,7,Ausekļa iela - Ķengarags,0.0,Ķengarags,56.94413757324219,24.11444664001465,238.0,0.0,2,3011,Centrāltirgus,2026-04-01T13:56:07+03:00,2026-04-01T13:56:21+03:00
vehicle_position_57572,57572,Tramvajs 14,TRAM14-02-1-251028-ba-1330,riga_tram_14,14,Iļģuciems - Ķengarags,1.0,Iļģuciems,56.94565200805664,24.11508560180664,344.0,0.0,2,3100,13.janvāra iela,2026-04-01T13:56:07+03:00,2026-04-01T13:56:21+03:00
vehicle_position_57583,57583,Tramvajs 7,TRAM7-10-1-251208-ba-1400,riga_tram_7,7,Ausekļa iela - Ķengarags,1.0,Ausekļa iela,56.90630340576172,24.18831443786621,336.0,0.0,2,3148,Eglaines iela/Dole,2026-04-01T13:56:13+03:00,2026-04-01T13:56:21+03:00
vehicle_position_57604,57604,Tramvajs 7,TRAM7-07-1-251208-ba-1330,riga_tram_7,7,Ausekļa iela - Ķengarags,1.0,Ausekļa iela,56.95530700683594,24.1025447845459,334.0,12.220000267028809,2,3063,Ausekļa iela,2026-04-01T13:56:05+03:00,2026-04-01T13:56:21+03:00
vehicle_position_57615,57615,Tramvajs 14,TRAM14-04-1-251028-ab-1330,riga_tram_14,14,Iļģuciems - Ķengarags,0.0,Ķengarags,56.93880081176758,24.132091522216797,96.0,11.109999656677246,2,3171,Katoļu iela,2026-04-01T13:56:12+03:00,2026-04-01T13:56:21+03:00
vehicle_position_57626,57626,Tramvajs 14,TRAM14-01-1-251028-ab-1400,riga_tram_14,14,Iļģuciems - Ķengarags,0.0,Ķengarags,56.965084075927734,24.069576263427734,216.0,0.0,2,3055,Iļģuciems,2026-04-01T13:56:10+03:00,2026-04-01T13:56:21+03:00
vehicle_position_57648,57648,Tramvajs 14,TRAM14-03-1-251028-ba-1400,riga_tram_14,14,Iļģuciems - Ķengarags,1.0,Iļģuciems,56.905601501464844,24.188518524169922,92.0,0.0,2,3148,Eglaines iela/Dole,2026-04-01T13:56:07+03:00,2026-04-01T13:56:21+03:00
vehicle_position_58022,58022,Tramvajs 1,TRAM1-24-1-250901-ab-1340,riga_tram_1,1,Imanta - Jugla,0.0,Jugla,56.94563293457031,24.07431411743164,154.0,5.829999923706055,2,3041,Nometņu iela,2026-04-01T13:56:15+03:00,2026-04-01T13:56:21+03:00
vehicle_position_58501,58501,Tramvajs 1,TRAM1-05-1-250901-ba-1310,riga_tram_1,1,Imanta - Jugla,1.0,Imanta,56.94623947143555,24.07390785217285,338.0,6.940000057220459,2,3046,Mārtiņa iela,2026-04-01T13:56:08+03:00,2026-04-01T13:56:21+03:00
vehicle_position_58523,58523,Tramvajs 1,TRAM1-18-1-250901-ab-1310,riga_tram_1,1,Imanta - Jugla,0.0,Jugla,56.9705696105957,24.15805435180664,62.0,6.110000133514404,2,3135,VEF,2026-04-01T13:56:18+03:00,2026-04-01T13:56:21+03:00
vehicle_position_58545,58545,Tramvajs 1,TRAM1-13-1-250901-ba-1350,riga_tram_1,1,Imanta - Jugla,1.0,Imanta,56.98434066772461,24.202747344970703,262.0,3.059999942779541,2,3111,Alfa,2026-04-01T13:56:13+03:00,2026-04-01T13:56:21+03:00
vehicle_position_61446,61446,Autobuss 39,AUTO39-01-1-260323-ba-1340,,,,,,56.946868896484375,24.061864852905273,126.0,11.390000343322754,2,1238,Melnsila iela,2026-04-01T13:56:17+03:00,2026-04-01T13:56:21+03:00
vehicle_position_61457,61457,Autobuss 38,AUTO38-01-1-260323-ab-1350,,,,,,56.94020080566406,24.092172622680664,226.0,7.78000020980835,2,1111,Uzvaras parks,2026-04-01T13:56:14+03:00,2026-04-01T13:56:21+03:00
vehicle_position_61468,61468,Autobuss 54,AUTO54-03-1-260323-ba-1400,,,,,,56.98866271972656,24.082883834838867,336.0,10.279999732971191,2,1136,Voleri,2026-04-01T13:56:14+03:00,2026-04-01T13:56:21+03:00
vehicle_position_65067,65067,Autobuss 31,AUTO31-03-1-260323-ab-1330,,,,,,56.918941497802734,24.17323112487793,336.0,5.28000020980835,2,0198,Ķengaraga iela,2026-04-01T13:56:17+03:00,2026-04-01T13:56:21+03:00
vehicle_position_65154,65154,Autobuss 32,AUTO32-01-1-260323-ab-1350,,,,,,56.945587158203125,24.113435745239258,236.0,0.0,2,1025,13.janvāra iela,2026-04-01T13:56:14+03:00,2026-04-01T13:56:21+03:00
vehicle_position_65263,65263,Autobuss 8,AUTO8-02-1-260323-ba-1420,,,,,,56.94796371459961,24.025352478027344,110.0,0.0,2,1435a,Zolitūdes D/P,2026-04-01T13:56:17+03:00,2026-04-01T13:56:21+03:00
vehicle_position_67013,67013,Autobuss 56,AUTO56-01-1-260129-acb-1300,riga_bus_56,56,Daugavgrīva - Ziepniekkalns,0.0,Ziepniekkalns,56.936119079589844,24.0465145111084,66.0,0.0,2,1546,Kauguru iela,2026-04-01T13:56:18+03:00,2026-04-01T13:56:21+03:00
vehicle_position_67068,67068,Autobuss 10,AUTO10-01-1-260323-ba-1320,,,,,,56.92191696166992,24.07683563232422,118.0,0.8299999833106995,2,1359,Telts iela,2026-04-01T13:56:03+03:00,2026-04-01T13:56:21+03:00
vehicle_position_67133,67133,Autobuss 56,AUTO56-02-1-260129-bca-1230,riga_bus_56,56,Daugavgrīva - Ziepniekkalns,1.0,Daugavgrīva,57.03913497924805,24.025745391845703,234.0,9.720000267028809,2,1160,Zvīņu iela,2026-04-01T13:56:13+03:00,2026-04-01T13:56:21+03:00
vehicle_position_67144,67144,Autobuss 56,AUTO56-03-1-260129-bca-1330,riga_bus_56,56,Daugavgrīva - Ziepniekkalns,1.0,Daugavgrīva,56.93587875366211,24.071044921875,354.0,0.0,2,1114,Āgenskalna tirgus,2026-04-01T13:56:17+03:00,2026-04-01T13:56:21+03:00
vehicle_position_67177,67177,Autobuss 43,AUTO43-01-1-260323-ba-1400,,,,,,56.91850662231445,23.962230682373047,100.0,0.0,2,8079,Pilotu skola,2026-04-01T13:56:16+03:00,2026-04-01T13:56:21+03:00
vehicle_position_67188,67188,Autobuss 10,AUTO10-02-1-260323-ab-1340,,,,,,56.921146392822266,24.10036849975586,236.0,16.670000076293945,2,1361,Telts iela,2026-04-01T13:56:16+03:00,2026-04-01T13:56:21+03:00
vehicle_position_68117,68117,Autobuss 36,AUTO36-01-1-260323-ab-1400,,,,,,56.960445404052734,23.997142791748047,324.0,0.0,2,1062c,Imantas D/P,2026-04-01T13:56:17+03:00,2026-04-01T13:56:21+03:00
vehicle_position_68139,68139,Autobuss 41,AUTO41-02-1-260126-ab-1340,riga_bus_41,41,Esplanāde - Imanta,0.0,Imanta,56.960323333740234,24.017961502075195,88.0,0.2800000011920929,2,1071,Kleistu iela,2026-04-01T13:56:13+03:00,2026-04-01T13:56:21+03:00
vehicle_position_68161,68161,Autobuss 37,AUTO37-04-1-260323-ba-1340,,,,,,56.94612503051758,24.073978424072266,156.0,4.440000057220459,2,1094,Valsts arhīvs,2026-04-01T13:56:15+03:00,2026-04-01T13:56:21+03:00
vehicle_position_68172,68172,Autobuss 41,AUTO41-03-1-260126-ab-1400,riga_bus_41,41,Esplanāde - Imanta,0.0,Imanta,56.95320129394531,24.115625381469727,210.0,1.1100000143051147,2,0194c,Esplanāde,2026-04-01T13:56:15+03:00,2026-04-01T13:56:21+03:00
vehicle_position_68204,68204,Autobuss 3,AUTO3-05-1-260323-ba-1340,,,,,,56.953285217285156,24.1553897857666,284.0,0.0,2,0098,Daugavas stadions,2026-04-01T13:56:15+03:00,2026-04-01T13:56:21+03:00
vehicle_position_68248,68248,Autobuss 7,AUTO7-01-1-260323-ba-1330,,,,,,56.9439697265625,24.109954833984375,70.0,6.110000133514404,2,1251a,Autoosta,2026-04-01T13:56:13+03:00,2026-04-01T13:56:21+03:00
vehicle_position_68259,68259,Autobuss 41,AUTO41-01-1-260126-ba-1350,riga_bus_41,41,Esplanāde - Imanta,1.0,Esplanāde,56.960357666015625,24.01386260986328,356.0,1.3899999856948853,2,1086,Kleistu iela,2026-04-01T13:55:40+03:00,2026-04-01T13:56:21+03:00
vehicle_position_68313,68313,Autobuss 46,AUTO46-03-1-260323-ba-1340,,,,,,56.96854019165039,24.017654418945312,90.0,0.0,2,1066,Rigondas gatve,2026-04-01T13:56:13+03:00,2026-04-01T13:56:21+03:00
vehicle_position_68324,68324,Autobuss 37,AUTO37-02-1-260323-ab-1350,,,,,,56.94629669189453,24.074909210205078,230.0,1.940000057220459,2,3046,Mārtiņa iela,2026-04-01T13:56:15+03:00,2026-04-01T13:56:21+03:00
vehicle_position_68335,68335,Autobuss 46,AUTO46-01-1-260323-ab-1400,,,,,,56.901954650878906,24.102689743041992,4.0,0.0,2,1341,Ziepniekkalna D/P,2026-04-01T13:56:16+03:00,2026-04-01T13:56:21+03:00
vehicle_position_68346,68346,Autobuss 43,AUTO43-02-1-260323-ab-1400,,,,,,56.945709228515625,24.13140106201172,102.0,0.0,2,7749c,Abrenes iela,2026-04-01T13:56:16+03:00,2026-04-01T13:56:21+03:00
vehicle_position_68368,68368,Autobuss 13,AUTO13-03-1-260323-ab-1310,,,,,,56.95391082763672,24.107152938842773,58.0,0.0,2,0060,Brīvības bulvāris,2026-04-01T13:56:17+03:00,2026-04-01T13:56:21+03:00
vehicle_position_68390,68390,Autobuss 8,AUTO8-03-1-260323-ba-1320,,,,,,56.946224212646484,24.115917205810547,60.0,0.0,2,1028,Stacijas laukums,2026-04-01T13:56:14+03:00,2026-04-01T13:56:21+03:00
vehicle_position_68400,68400,Autobuss 37,AUTO37-01-1-260323-ba-1400,,,,,,56.95926284790039,23.99738883972168,170.0,4.440000057220459,2,1062a,Imantas D/P,2026-04-01T13:56:14+03:00,2026-04-01T13:56:21+03:00
vehicle_position_68411,68411,Autobuss 4,AUTO4-04-1-260323-ab-1330,,,,,,56.95228576660156,24.02474021911621,272.0,3.890000104904175,2,1461,Imantas 7.līnija,2026-04-01T13:56:16+03:00,2026-04-01T13:56:21+03:00
vehicle_position_68422,68422,Autobuss 13,AUTO13-01-1-260323-ba-1350,,,,,,56.93158721923828,24.193355560302734,254.0,10.0,2,0160,Ilūkstes iela,2026-04-01T13:56:16+03:00,2026-04-01T13:56:21+03:00
vehicle_position_68444,68444,Autobuss 46,AUTO46-04-1-260323-ab-1310,,,,,,56.96898651123047,24.01753807067871,310.0,0.0,2,1058,Rigondas gatve,2026-04-01T13:56:14+03:00,2026-04-01T13:56:21+03:00
vehicle_position_68466,68466,Autobuss 21,AUTO21-02-1-260323-ba-1350,,,,,,56.96125030517578,24.2385196685791,4.0,9.170000076293945,2,0543,Mežciema pamatskola,2026-04-01T13:56:18+03:00,2026-04-01T13:56:21+03:00
vehicle_position_68477,68477,Autobuss 21,AUTO21-10-1-260323-ba-1250,,,,,,56.95662307739258,24.052631378173828,360.0,7.78000020980835,2,1119,Sēlpils iela/Donoru centrs,2026-04-01T13:56:17+03:00,2026-04-01T13:56:21+03:00
vehicle_position_68488,68488,Autobuss 21,AUTO21-03-1-260323-ab-1240,,,,,,56.970577239990234,24.253787994384766,12.0,16.940000534057617,2,0176,Jugla,2026-04-01T13:56:17+03:00,2026-04-01T13:56:21+03:00
vehicle_position_68803,68803,Autobuss 4,AUTO4-01-1-260323-ab-1350,,,,,,56.94807052612305,24.121444702148438,304.0,0.0,2,1028,Stacijas laukums,2026-04-01T13:56:14+03:00,2026-04-01T13:56:21+03:00
vehicle_position_68814,68814,Autobuss 7,AUTO7-02-1-260323-ab-1330,,,,,,56.92262649536133,24.052797317504883,224.0,0.0,2,0010,Brūkleņu iela,2026-04-01T13:56:14+03:00,2026-04-01T13:56:21+03:00
vehicle_position_68836,68836,Autobuss 36,AUTO36-04-1-260323-ab1-1320,,,,,,57.02848434448242,24.044597625732422,66.0,3.609999895095825,2,1185,Platā iela,2026-04-01T13:56:14+03:00,2026-04-01T13:56:21+03:00
vehicle_position_68847,68847,Autobuss 3,AUTO3-17-1-260323-ab-1320,,,,,,56.953956604003906,24.117599487304688,40.0,4.71999979019165,2,7987,Ģertrūdes iela,2026-04-01T13:56:15+03:00,2026-04-01T13:56:21+03:00
vehicle_position_68858,68858,Autobuss 3,AUTO3-21-1-260323-ab-1340,,,,,,56.990108489990234,24.081172943115234,144.0,17.5,2,1141,Pagrieziens uz Voleriem,2026-04-01T13:56:17+03:00,2026-04-01T13:56:21+03:00
vehicle_position_68869,68869,Autobuss 21,AUTO21-01-1-260323-ba-1330,,,,,,56.979156494140625,24.1859073638916,242.0,5.829999923706055,2,0039,Bajāru iela,2026-04-01T13:56:13+03:00,2026-04-01T13:56:21+03:00
vehicle_position_68880,68880,Autobuss 3,AUTO3-03-1-260323-ba-1310,,,,,,56.94571304321289,24.083585739135742,326.0,3.609999895095825,2,0612,Kliņģeru iela,2026-04-01T13:56:15+03:00,2026-04-01T13:56:21+03:00
vehicle_position_68891,68891,Autobuss 21,AUTO21-11-1-260323-ba-1310,,,,,,56.94741439819336,24.118093490600586,176.0,0.0,2,1025,13.janvāra iela,2026-04-01T13:56:15+03:00,2026-04-01T13:56:21+03:00
vehicle_position_69145,69145,Autobuss 49,AUTO49-07-1-260323-ab-1410,,,,,,57.00944519042969,24.124771118164062,32.0,0.0,2,0026,Daudersala,2026-04-01T13:56:16+03:00,2026-04-01T13:56:21+03:00
vehicle_position_69243,69243,Autobuss 8,AUTO8-01-1-260323-ba-1340,,,,,,56.938926696777344,24.029659271240234,52.0,8.890000343322754,2,1425,Rucavas iela,2026-04-01T13:56:17+03:00,2026-04-01T13:56:21+03:00
vehicle_position_69265,69265,Autobuss 4,AUTO4-02-1-260323-ba-1320,,,,,,56.939544677734375,24.091232299804688,44.0,0.0,2,1243,Uzvaras parks,2026-04-01T13:56:17+03:00,2026-04-01T13:56:21+03:00
vehicle_position_69406,69406,Autobuss 3,AUTO3-09-1-260323-ba-1400,,,,,,56.929840087890625,24.197721481323242,80.0,3.609999895095825,2,1602,Katlakalna iela,2026-04-01T13:56:17+03:00,2026-04-01T13:56:21+03:00
vehicle_position_69428,69428,Autobuss 3,AUTO3-01-1-260323-ba-1300,,,,,,57.0288200378418,24.04648208618164,324.0,0.0,2,1150,Silikātu iela,2026-04-01T13:56:17+03:00,2026-04-01T13:56:21+03:00
vehicle_position_69439,69439,Autobuss 53,AUTO53-06-1-260126-ab-1350,riga_bus_53,53,Esplanāde - Zolitūde,0.0,Zolitūde,56.95500564575195,24.109264373779297,232.0,4.170000076293945,2,0610,Nacionālais teātris,2026-04-01T13:56:17+03:00,2026-04-01T13:56:21+03:00
vehicle_position_69461,69461,Autobuss 36,AUTO36-03-1-260323-ba-1330,,,,,,57.03330612182617,24.04856300354004,138.0,0.0,2,1184,Platā iela,2026-04-01T13:56:13+03:00,2026-04-01T13:56:21+03:00
vehicle_position_69494,69494,Autobuss 53,AUTO53-04-1-260126-ab-1330,riga_bus_53,53,Esplanāde - Zolitūde,0.0,Zolitūde,56.94950866699219,23.999055862426758,8.0,3.890000104904175,2,1439,Imantas stacija,2026-04-01T13:56:17+03:00,2026-04-01T13:56:21+03:00
vehicle_position_69526,69526,Autobuss 3,AUTO3-08-1-260323-ab-1240,,,,,,56.93316650390625,24.200965881347656,202.0,7.5,2,0492,Pavasara gatve,2026-04-01T13:56:17+03:00,2026-04-01T13:56:21+03:00
vehicle_position_69559,69559,Autobuss 3,AUTO3-26-1-260323-ab-1410,,,,,,57.036075592041016,24.017681121826172,254.0,0.0,2,1162,Daugavgrīvas D/P,2026-04-01T13:56:15+03:00,2026-04-01T13:56:21+03:00
vehicle_position_69592,69592,Autobuss 13,AUTO13-02-1-260323-ab-1240,,,,,,56.9300422668457,24.21197509765625,140.0,5.829999923706055,2,0093,Cesvaines iela,2026-04-01T13:56:14+03:00,2026-04-01T13:56:21+03:00
vehicle_position_69602,69602,Autobuss 4,AUTO4-03-1-260323-ba-1350,,,,,,56.960357666015625,23.932777404785156,20.0,23.059999465942383,2,1549,Babītes stacija,2026-04-01T13:56:15+03:00,2026-04-01T13:56:21+03:00
vehicle_position_69635,69635,Autobuss 3,AUTO3-22-1-260323-ab-1400,,,,,,57.03614044189453,24.017866134643555,256.0,0.0,2,1162,Daugavgrīvas D/P,2026-04-01T13:56:14+03:00,2026-04-01T13:56:21+03:00
vehicle_position_69646,69646,Autobuss 3,AUTO3-11-1-260323-ab-1250,,,,,,56.94369125366211,24.1955623626709,184.0,11.390000343322754,2,0196,Brāļu Kaudzīšu iela,2026-04-01T13:56:02+03:00,2026-04-01T13:56:21+03:00
vehicle_position_69679,69679,Autobuss 3,AUTO3-07-1-260323-ba-1350,,,,,,56.947513580322266,24.19577980041504,2.0,2.5,2,5141,Ilūkstes iela,2026-04-01T13:56:02+03:00,2026-04-01T13:56:21+03:00
vehicle_position_69681,69681,Autobuss 53,AUTO53-03-1-260126-ba-1350,riga_bus_53,53,Esplanāde - Zolitūde,1.0,Esplanāde,56.94974136352539,23.999958038330078,274.0,0.0,2,1440,Imantas stacija,2026-04-01T13:56:16+03:00,2026-04-01T13:56:21+03:00
vehicle_position_69722,69722,Autobuss 53,AUTO53-01-1-260126-ba-1330,riga_bus_53,53,Esplanāde - Zolitūde,1.0,Esplanāde,56.94245147705078,24.06539535522461,64.0,2.2200000286102295,2,1548,Melnsila iela,2026-04-01T13:56:17+03:00,2026-04-01T13:56:21+03:00
vehicle_position_71007,71007,Autobuss 44,AUTO44-01-1-260323-ba-1400,,,,,,56.94927215576172,24.015748977661133,276.0,13.329999923706055,2,1436,Anniņmuižas iela,2026-04-01T13:56:15+03:00,2026-04-01T13:56:21+03:00
vehicle_position_71040,71040,Autobuss 44,AUTO44-03-1-260323-ba-1310,,,,,,56.89931869506836,24.097593307495117,68.0,8.0600004196167,2,1340,Ozolciema iela,2026-04-01T13:56:14+03:00,2026-04-01T13:56:21+03:00
vehicle_position_71051,71051,Autobuss 33,AUTO33-04-1-260323-ab-1340,,,,,,56.94152069091797,24.21620750427246,16.0,0.2800000011920929,2,0413,Salnas iela,2026-04-01T13:56:14+03:00,2026-04-01T13:56:21+03:00
vehicle_position_71062,71062,Autobuss 34,AUTO34-01-1-260323-ab-1410,,,,,,56.94070816040039,24.168241500854492,164.0,0.0,2,2118,Centrāltirgus,2026-04-01T13:56:15+03:00,2026-04-01T13:56:21+03:00
vehicle_position_71095,71095,Autobuss 44,AUTO44-05-1-260323-ab-1410,,,,,,56.90202331542969,24.102760314941406,16.0,0.0,2,1341,Ziepniekkalna D/P,2026-04-01T13:56:15+03:00,2026-04-01T13:56:21+03:00
vehicle_position_71105,71105,Autobuss 44,AUTO44-07-1-260323-ba-1440,,,,,,56.935176849365234,24.176204681396484,154.0,1.6699999570846558,2,1435a,Zolitūdes D/P,2026-04-01T13:56:17+03:00,2026-04-01T13:56:21+03:00
vehicle_position_71182,71182,Autobuss 28,AUTO28-02-1-260323-ab-1450,,,,,,56.941253662109375,24.168914794921875,16.0,0.0,2,0179,Jugla,2026-04-01T13:56:17+03:00,2026-04-01T13:56:21+03:00
vehicle_position_71193,71193,Autobuss 9,AUTO9-04-1-260323-ab-1410,,,,,,56.94572448730469,24.132522583007812,324.0,0.0,2,7749,Abrenes iela,2026-04-01T13:56:17+03:00,2026-04-01T13:56:21+03:00
vehicle_position_71203,71203,Autobuss 20,AUTO20-01-1-260323-ab-1310,,,,,,56.9388313293457,24.20355224609375,194.0,10.0,2,0394,Rudens iela,2026-04-01T13:56:19+03:00,2026-04-01T13:56:21+03:00
vehicle_position_71225,71225,Autobuss 33,AUTO33-01-1-260323-ab-1410,,,,,,56.940589904785156,24.168291091918945,198.0,3.890000104904175,2,0719,Lubānas iela,2026-04-01T13:56:18+03:00,2026-04-01T13:56:21+03:00
vehicle_position_71236,71236,Autobuss 9,AUTO9-02-1-260323-ba-1340,,,,,,56.98569869995117,24.161256790161133,36.0,3.059999942779541,2,9105,Čiekurkalna 3.šķērslīnija,2026-04-01T13:56:19+03:00,2026-04-01T13:56:21+03:00
vehicle_position_71280,71280,Autobuss 20,AUTO20-02-1-260323-ba-1310,,,,,,56.95854568481445,24.127037048339844,316.0,0.0,2,0145,Ģertrūdes iela,2026-04-01T13:56:18+03:00,2026-04-01T13:56:21+03:00
vehicle_position_71334,71334,Autobuss 26,AUTO23-02-1-260323-ba-1350,,,,,,56.90122985839844,24.13356590270996,328.0,12.779999732971191,2,1326,Kalētu iela,2026-04-01T13:56:16+03:00,2026-04-01T13:56:21+03:00
vehicle_position_74624,74624,Autobuss 47,AUTO47-03-1-260207-ab-1350,riga_bus_47,47,Purvciems - Getliņi,0.0,Getliņi,56.94000244140625,24.20407485961914,192.0,0.0,2,0394,Rudens iela,2026-04-01T13:56:16+03:00,2026-04-01T13:56:21+03:00
vehicle_position_74722,74722,Autobuss 6,AUTO6-04-1-260323-ab-1350,,,,,,56.95919418334961,24.127225875854492,66.0,11.390000343322754,2,2021,Matīsa iela,2026-04-01T13:56:18+03:00,2026-04-01T13:56:21+03:00
vehicle_position_74766,74766,Autobuss 6,AUTO6-03-1-260323-ab-1310,,,,,,56.95246124267578,24.2515869140625,108.0,8.890000343322754,2,9118,Biķeri,2026-04-01T13:56:13+03:00,2026-04-01T13:56:21+03:00
vehicle_position_74799,74799,Autobuss 15,AUTO15-04-1-260323-ba-1320,,,,,,56.937889099121094,24.203086853027344,186.0,0.0,2,0394,Rudens iela,2026-04-01T13:56:17+03:00,2026-04-01T13:56:21+03:00
vehicle_position_74875,74875,Autobuss 13,AUTO13-07-1-260323-ba-1240,,,,,,56.959754943847656,23.952592849731445,230.0,0.0,2,1550,Rododendru audzētava,2026-04-01T13:56:14+03:00,2026-04-01T13:56:21+03:00
vehicle_position_75543,75543,Autobuss 15,AUTO15-03-1-260323-ba-1300,,,,,,56.90559768676758,24.189390182495117,132.0,11.390000343322754,2,0229,Eglaines iela/Dole,2026-04-01T13:56:15+03:00,2026-04-01T13:56:21+03:00
vehicle_position_75598,75598,Autobuss 50,AUTO50-03-1-260323-ba-1400,,,,,,56.915008544921875,24.29074478149414,82.0,0.0,2,1473,Acone,2026-04-01T13:56:18+03:00,2026-04-01T13:56:21+03:00
vehicle_position_75663,75663,Autobuss 15,AUTO15-08-1-260323-ba-1410,,,,,,56.977806091308594,24.255401611328125,14.0,0.0,2,0179,Jugla,2026-04-01T13:56:16+03:00,2026-04-01T13:56:21+03:00
vehicle_position_75750,75750,Autobuss 49,AUTO49-09-1-260323-ba-1330,,,,,,56.9405403137207,24.198434829711914,284.0,16.110000610351562,2,0157,Zemes iela,2026-04-01T13:56:12+03:00,2026-04-01T13:56:21+03:00
vehicle_position_76712,76712,Autobuss 24,AUTO24-04-1-260323-ba-1330,,,,,,57.03097915649414,24.11358642578125,108.0,0.0,2,0348,Vecmīlgrāvja 5.līnija,2026-04-01T13:56:15+03:00,2026-04-01T13:56:21+03:00
vehicle_position_76723,76723,Autobuss 11,AUTO11-04-1-260323-ba-1330,,,,,,56.997596740722656,24.133285522460938,160.0,9.720000267028809,2,0050,Viestura prospekts,2026-04-01T13:56:17+03:00,2026-04-01T13:56:21+03:00
vehicle_position_76734,76734,Autobuss 24,AUTO24-06-1-260323-ab-1250,,,,,,57.059722900390625,24.106048583984375,10.0,10.0,2,0523,Zvejas iela,2026-04-01T13:50:53+03:00,2026-04-01T13:56:21+03:00
vehicle_position_76767,76767,Autobuss 2,AUTO2-03-1-260323-ba-1310,,,,,,56.945613861083984,24.11880874633789,190.0,0.0,2,7749g,Abrenes iela,2026-04-01T13:56:13+03:00,2026-04-01T13:56:21+03:00
vehicle_position_76810,76810,Autobuss 24,AUTO24-07-1-260323-ab-1320,,,,,,57.00210189819336,24.13050651550293,344.0,11.109999656677246,2,7996,"Muzejs ""Dauderi""",2026-04-01T13:55:02+03:00,2026-04-01T13:56:21+03:00
vehicle_position_76832,76832,Autobuss 16,AUTO16-01-1-260323-ab-1300,,,,,,56.9708251953125,24.37464141845703,50.0,7.78000020980835,2,1517,Sunīši,2026-04-01T13:56:15+03:00,2026-04-01T13:56:21+03:00
vehicle_position_76898,76898,Autobuss 23,AUTO23-01-1-260323-ba-1330,,,,,,56.926239013671875,24.09285545349121,340.0,0.0,2,1265,Satiksmes iela,2026-04-01T13:56:17+03:00,2026-04-01T13:56:21+03:00
vehicle_position_77511,77511,Autobuss 60,AUTO60-02-1-241021-ab-1340,riga_bus_60,60,Ķengarags - Ziepniekkalns,0.0,Ziepniekkalns,56.900211334228516,24.09255027770996,190.0,0.0,2,1339,Ziepniekkalna vidusskola,2026-04-01T13:56:16+03:00,2026-04-01T13:56:21+03:00
vehicle_position_77522,77522,Autobuss 29,AUTO29-03-1-260323-bca-1320,,,,,,57.0212287902832,24.259151458740234,320.0,3.890000104904175,2,1612,Ādažu iela,2026-04-01T13:56:17+03:00,2026-04-01T13:56:21+03:00
vehicle_position_77533,77533,Autobuss 9,AUTO9-03-1-260323-ab-1330,,,,,,56.983245849609375,24.181072235107422,50.0,1.940000057220459,2,0028,Čiekurkalna 8. šķērslīnija,2026-04-01T13:56:14+03:00,2026-04-01T13:56:21+03:00
vehicle_position_77544,77544,Autobuss 18,AUTO18-02-1-250901-ba-1340,riga_bus_18,18,Abrenes iela - Dārziņi,1.0,Abrenes iela,56.89659881591797,24.211727142333984,308.0,0.0,2,0300,Višķu iela/trol. galapunkts,2026-04-01T13:55:13+03:00,2026-04-01T13:56:21+03:00
vehicle_position_77555,77555,Autobuss 28,AUTO28-01-1-260323-ab-1400,,,,,,56.977508544921875,24.25547981262207,26.0,0.0,2,0179,Jugla,2026-04-01T13:56:15+03:00,2026-04-01T13:56:21+03:00
vehicle_position_77566,77566,Autobuss 29,AUTO29-04-1-260323-bca-1350,,,,,,57.033302307128906,24.10673713684082,118.0,10.829999923706055,2,0282,Melīdas iela,2026-04-01T13:56:15+03:00,2026-04-01T13:56:21+03:00
vehicle_position_77588,77588,Autobuss 18,AUTO18-03-1-250901-ab-1320,riga_bus_18,18,Abrenes iela - Dārziņi,0.0,Dārziņi,56.881656646728516,24.246652603149414,132.0,1.940000057220459,2,0396,Rumbula,2026-04-01T13:56:00+03:00,2026-04-01T13:56:21+03:00
vehicle_position_77599,77599,Autobuss 47,AUTO47-01-1-260207-ba-1340,riga_bus_47,47,Purvciems - Getliņi,1.0,Purvciems,56.930240631103516,24.199127197265625,52.0,1.6699999570846558,2,1602,Katlakalna iela,2026-04-01T13:56:01+03:00,2026-04-01T13:56:21+03:00
vehicle_position_77609,77609,Autobuss 18,AUTO18-04-1-250901-ab-1400,riga_bus_18,18,Abrenes iela - Dārziņi,0.0,Dārziņi,56.9456901550293,24.13201332092285,216.0,0.0,2,7749c,Abrenes iela,2026-04-01T13:56:13+03:00,2026-04-01T13:56:21+03:00
vehicle_position_77631,77631,Autobuss 63,AUTO63-03-1-260323-ab-1440,,,,,,56.94038772583008,24.168163299560547,184.0,0.0,2,8030,Mežciems,2026-04-01T13:56:13+03:00,2026-04-01T13:56:21+03:00
vehicle_position_77642,77642,Autobuss 60,AUTO60-01-1-241021-ba-1340,riga_bus_60,60,Ķengarags - Ziepniekkalns,1.0,Ķengarags,56.90550994873047,24.12936782836914,156.0,0.0,2,1330,Priekules iela,2026-04-01T13:56:16+03:00,2026-04-01T13:56:21+03:00
vehicle_position_78016,78016,Autobuss 21,AUTO21-07-1-260323-ab-1340,,,,,,56.96082305908203,24.052610397338867,106.0,0.2800000011920929,2,1233,Mazā Stacijas iela,2026-04-01T13:56:02+03:00,2026-04-01T13:56:21+03:00
vehicle_position_78038,78038,Autobuss 2,AUTO2-04-1-260323-ba-1340,,,,,,56.99684143066406,24.13372802734375,160.0,0.0,2,0420,Meža prospekts,2026-04-01T13:56:14+03:00,2026-04-01T13:56:21+03:00
vehicle_position_78049,78049,Autobuss 48,AUTO48-06-1-260323-ba-1320,,,,,,56.956886291503906,24.18804359436035,110.0,3.609999895095825,2,0280,Mēbeļu nams,2026-04-01T13:56:03+03:00,2026-04-01T13:56:21+03:00
vehicle_position_78071,78071,Autobuss 21,AUTO21-04-1-260323-ab-1300,,,,,,56.974666595458984,24.171653747558594,60.0,0.0,2,0455,Struktoru iela,2026-04-01T13:56:13+03:00,2026-04-01T13:56:21+03:00
vehicle_position_78082,78082,Autobuss 55,AUTO55-01-1-260323-ab-1320,,,,,,56.91752243041992,24.02523422241211,254.0,1.6699999570846558,2,5189,Lamberti,2026-04-01T13:56:02+03:00,2026-04-01T13:56:21+03:00
vehicle_position_78125,78125,Autobuss 15,AUTO15-10-1-260323-ab-1310,,,,,,56.95380401611328,24.19938087463379,14.0,0.0,2,0279,Mēbeļu nams,2026-04-01T13:56:16+03:00,2026-04-01T13:56:21+03:00
vehicle_position_78147,78147,Autobuss 51,AUTO51-06-1-260323-ba-1320,,,,,,56.945369720458984,24.119287490844727,128.0,6.389999866485596,2,0078,Centrāltirgus,2026-04-01T13:56:14+03:00,2026-04-01T13:56:21+03:00
vehicle_position_78158,78158,Autobuss 11,AUTO11-02-1-260323-ab-1330,,,,,,56.996036529541016,24.132165908813477,78.0,6.110000133514404,2,2130,Meža prospekts,2026-04-01T13:56:16+03:00,2026-04-01T13:56:21+03:00
vehicle_position_78169,78169,Autobuss 2,AUTO2-07-1-260323-ab-1310,,,,,,57.03752136230469,24.08721923828125,18.0,9.720000267028809,2,0030,Atlantijas iela,2026-04-01T13:56:14+03:00,2026-04-01T13:56:21+03:00
vehicle_position_78408,78408,Autobuss 24,AUTO24-02-1-260323-ba-1310,,,,,,56.967708587646484,24.117643356323242,208.0,12.220000267028809,2,1813,Sporta iela,2026-04-01T13:56:15+03:00,2026-04-01T13:56:21+03:00
vehicle_position_78419,78419,Autobuss 24,AUTO24-01-1-260323-ab-1410,,,,,,56.94575500488281,24.13137435913086,100.0,0.0,2,7749a,Abrenes iela,2026-04-01T13:56:15+03:00,2026-04-01T13:56:21+03:00
vehicle_position_78421,78421,Autobuss 22,AUTO22-10-1-260323-ba-1350,,,,,,56.92275619506836,23.99643325805664,56.0,10.829999923706055,2,1543,Priežkalni,2026-04-01T13:56:13+03:00,2026-04-01T13:56:21+03:00
vehicle_position_78430,78430,Autobuss 50,AUTO50-01-1-260323-ba-1320,,,,,,56.9572639465332,24.129493713378906,310.0,0.0,2,1496,Brīvības iela,2026-04-01T13:56:14+03:00,2026-04-01T13:56:21+03:00
vehicle_position_78441,78441,Autobuss 3,AUTO3-28-1-260323-ba-1300,,,,,,56.97758483886719,24.079660415649414,34.0,14.4399995803833,2,1134,Podraga iela,2026-04-01T13:56:17+03:00,2026-04-01T13:56:21+03:00
vehicle_position_78452,78452,Autobuss 48,AUTO48-04-1-260323-ab-1340,,,,,,56.95301818847656,24.19889259338379,16.0,12.5,2,0107,Varavīksnes gatve,2026-04-01T13:56:13+03:00,2026-04-01T13:56:21+03:00
vehicle_position_78463,78463,Autobuss 11,AUTO11-01-1-260323-ab1-1250,,,,,,57.041778564453125,24.188722610473633,30.0,0.0,2,0173,Jaunciema kapi,2026-04-01T13:56:13+03:00,2026-04-01T13:56:21+03:00
vehicle_position_78474,78474,Autobuss 48,AUTO48-02-1-260323-ba-1400,,,,,,56.99573516845703,24.131797790527344,246.0,0.0,2,0417a,Sarkandaugava,2026-04-01T13:56:16+03:00,2026-04-01T13:56:21+03:00
vehicle_position_78485,78485,Autobuss 12,AUTO12-03-1-260323-ba-1340,,,,,,56.94091033935547,24.12013053894043,300.0,0.0,2,0079,Centrālā stacija,2026-04-01T13:56:17+03:00,2026-04-01T13:56:21+03:00
vehicle_position_78528,78528,Autobuss 52,AUTO52-02-1-260323-ba-1340,,,,,,56.95063018798828,24.1746826171875,284.0,5.28000020980835,2,0308,Itas Kozakevičas iela,2026-04-01T13:56:17+03:00,2026-04-01T13:56:21+03:00
vehicle_position_78594,78594,Autobuss 24,AUTO24-05-1-260323-ba-1400,,,,,,57.06118392944336,24.055574417114258,34.0,3.3299999237060547,2,0263,Mangaļsala,2026-04-01T13:56:14+03:00,2026-04-01T13:56:21+03:00
vehicle_position_78615,78615,Autobuss 16,AUTO16-02-1-260323-ab-1400,,,,,,56.94602966308594,24.127609252929688,270.0,9.170000076293945,2,0079,Centrālā stacija,2026-04-01T13:56:14+03:00,2026-04-01T13:56:21+03:00
vehicle_position_78648,78648,Autobuss 22,AUTO22-06-1-260323-ab-1400,,,,,,56.94598388671875,24.12895393371582,86.0,6.110000133514404,2,7749c,Abrenes iela,2026-04-01T13:56:14+03:00,2026-04-01T13:56:21+03:00
vehicle_position_78661,78661,Autobuss 22,AUTO22-08-1-260323-ba-1330,,,,,,56.94463348388672,24.0827579498291,136.0,6.110000133514404,2,1104,Uzvaras parks,2026-04-01T13:56:13+03:00,2026-04-01T13:56:21+03:00
vehicle_position_78670,78670,Autobuss 22,AUTO22-03-1-260323-ab-1340,,,,,,56.94044494628906,24.09264373779297,226.0,8.329999923706055,2,1105,A.Grīna bulvāris,2026-04-01T13:56:16+03:00,2026-04-01T13:56:21+03:00
vehicle_position_78692,78692,Autobuss 3,AUTO3-25-1-260323-ba-1410,,,,,,56.94121170043945,24.168031692504883,76.0,5.0,2,1602,Katlakalna iela,2026-04-01T13:56:21+03:00,2026-04-01T13:56:21+03:00
vehicle_position_78702,78702,Autobuss 25,AUTO25-02-1-260323-ba-1330,,,,,,56.937679290771484,24.0867977142334,76.0,10.279999732971191,2,1243,Uzvaras parks,2026-04-01T13:56:16+03:00,2026-04-01T13:56:21+03:00
vehicle_position_78735,78735,Autobuss 3,AUTO3-18-1-260323-ab-1330,,,,,,56.95304870605469,24.07032585144043,174.0,0.0,2,0640,Kliņģeru iela,2026-04-01T13:56:14+03:00,2026-04-01T13:56:21+03:00
vehicle_position_78757,78757,Autobuss 22,AUTO22-01-1-260323-ab-1330,,,,,,56.94560241699219,24.13150978088379,110.0,0.0,2,7749c,Abrenes iela,2026-04-01T13:49:42+03:00,2026-04-01T13:56:21+03:00
vehicle_position_78768,78768,Autobuss 15,AUTO15-06-1-260323-ba-1340,,,,,,56.961219787597656,24.18935203552246,232.0,10.829999923706055,2,2058,64.vidusskola,2026-04-01T13:56:14+03:00,2026-04-01T13:56:21+03:00
vehicle_position_78781,78781,Autobuss 58,AUTO58-02-1-260323-ab-1330,,,,,,57.03412628173828,24.103790283203125,296.0,12.5,2,0255,"Kultūras pils ""Ziemeļblāzma""",2026-04-01T13:56:18+03:00,2026-04-01T13:56:21+03:00
vehicle_position_78790,78790,Autobuss 50,AUTO50-05-1-260323-ab-1340,,,,,,56.95468521118164,24.13208770751953,132.0,0.0,2,1492,A.Čaka iela,2026-04-01T13:56:15+03:00,2026-04-01T13:56:21+03:00
vehicle_position_78800,78800,Autobuss 11,AUTO11-03-1-260323-ab1-1410,,,,,,56.94580841064453,24.13133430480957,98.0,0.0,2,7749a,Abrenes iela,2026-04-01T13:56:16+03:00,2026-04-01T13:56:21+03:00
vehicle_position_78822,78822,Autobuss 22,AUTO22-02-1-260323-ab-1320,,,,,,56.92628479003906,23.98152732849121,186.0,16.389999389648438,2,1541,Rīgas lidosta,2026-04-01T13:56:18+03:00,2026-04-01T13:56:21+03:00
vehicle_position_78833,78833,Autobuss 25,AUTO25-04-1-260323-ab-1320,,,,,,56.895416259765625,24.045804977416992,214.0,5.829999923706055,2,1392,Mārupe,2026-04-01T13:56:16+03:00,2026-04-01T13:56:21+03:00
vehicle_position_78844,78844,Autobuss 22,AUTO22-09-1-260323-ba-1340,,,,,,56.93710708618164,24.048341751098633,46.0,4.170000076293945,2,5289,Dreiliņu iela,2026-04-01T13:56:14+03:00,2026-04-01T13:56:21+03:00
vehicle_position_78866,78866,Autobuss 3,AUTO3-27-1-260323-ba-1250,,,,,,57.041439056396484,24.030935287475586,232.0,10.5600004196167,2,1159,Plēksnes iela,2026-04-01T13:56:18+03:00,2026-04-01T13:56:21+03:00
vehicle_position_78877,78877,Autobuss 22,AUTO22-05-1-260323-ab-1350,,,,,,56.94551467895508,24.11956787109375,312.0,10.0,2,0079,Centrālā stacija,2026-04-01T13:56:16+03:00,2026-04-01T13:56:21+03:00
vehicle_position_78899,78899,Autobuss 31,AUTO31-04-1-260323-ba-1250,,,,,,56.86094665527344,24.286357879638672,120.0,7.5,2,0538,Dārziņu 38.līnija,2026-04-01T13:56:17+03:00,2026-04-01T13:56:21+03:00
vehicle_position_78909,78909,Autobuss 52,AUTO52-07-1-260323-ab-1410,,,,,,56.945640563964844,24.131418228149414,104.0,0.0,2,7749a,Abrenes iela,2026-04-01T13:56:17+03:00,2026-04-01T13:56:21+03:00
vehicle_position_78911,78911,Autobuss 3,AUTO3-12-1-260323-ab-1300,,,,,,56.96316909790039,24.150827407836914,158.0,0.0,2,5292,A.Čaka iela,2026-04-01T13:56:14+03:00,2026-04-01T13:56:21+03:00
vehicle_position_78931,78931,Autobuss 31,AUTO31-01-1-260323-ba-1350,,,,,,56.96316146850586,24.25269889831543,178.0,14.170000076293945,2,0052,"Bērnu slimnīca ""Gaiļezers""",2026-04-01T13:56:17+03:00,2026-04-01T13:56:21+03:00
vehicle_position_78964,78964,Autobuss 49,AUTO49-03-1-260323-ab-1300,,,,,,56.901527404785156,24.199342727661133,126.0,0.0,2,0201,Ikšķiles iela,2026-04-01T13:56:15+03:00,2026-04-01T13:56:21+03:00
vehicle_position_78975,78975,Autobuss 58,AUTO58-03-1-260323-ba-1320,,,,,,56.96534729003906,24.160564422607422,266.0,8.0600004196167,2,0445,Gustava Zemgala gatve,2026-04-01T13:56:15+03:00,2026-04-01T13:56:21+03:00
vehicle_position_79011,79011,Autobuss 21,AUTO21-05-1-260323-ab-1320,,,,,,56.94047164916992,24.09288215637207,46.0,5.0,2,5185,Nacionālā bibliotēka,2026-04-01T13:56:15+03:00,2026-04-01T13:56:21+03:00
vehicle_position_79044,79044,Autobuss 13,AUTO13-06-1-260323-ba-1310,,,,,,56.95478820800781,24.110376358032227,278.0,4.170000076293945,2,0610,Nacionālais teātris,2026-04-01T13:56:16+03:00,2026-04-01T13:56:21+03:00
vehicle_position_79055,79055,Autobuss 21,AUTO21-08-1-260323-ab-1400,,,,,,56.95992660522461,23.99578285217285,306.0,0.0,2,1062a,Imantas D/P,2026-04-01T13:56:17+03:00,2026-04-01T13:56:21+03:00
vehicle_position_79066,79066,Autobuss 23,AUTO23-04-1-260323-ab-1350,,,,,,56.94755935668945,24.11861228942871,240.0,8.0600004196167,2,1025a,13.janvāra iela,2026-04-01T13:56:16+03:00,2026-04-01T13:56:21+03:00
vehicle_position_79077,79077,Autobuss 6,AUTO6-01-1-260323-ab-1410,,,,,,56.94578170776367,24.131362915039062,98.0,0.0,2,7749,Abrenes iela,2026-04-01T13:56:18+03:00,2026-04-01T13:56:21+03:00
vehicle_position_79099,79099,Autobuss 3,AUTO3-20-1-260323-ab-1350,,,,,,57.03342056274414,24.048429489135742,128.0,0.0,2,8050,Bolderāja,2026-04-01T13:56:13+03:00,2026-04-01T13:56:21+03:00
vehicle_position_79111,79111,Autobuss 2,AUTO2-08-1-260323-ab-1330,,,,,,56.98810577392578,24.12163734436035,6.0,0.0,2,0388,"Rūpnīca ""RER""",2026-04-01T13:56:16+03:00,2026-04-01T13:56:21+03:00
vehicle_position_79120,79120,Autobuss 52,AUTO52-05-1-260323-ab-1340,,,,,,56.953468322753906,24.15335464477539,42.0,0.0,2,5090,Daugavas stadions,2026-04-01T13:56:17+03:00,2026-04-01T13:56:21+03:00
vehicle_position_79131,79131,Autobuss 6,AUTO6-02-1-260323-ba-1330,,,,,,56.951229095458984,24.17064094543457,288.0,2.2200000286102295,2,0098,Daugavas stadions,2026-04-01T13:56:02+03:00,2026-04-01T13:56:21+03:00
vehicle_position_79142,79142,Autobuss 49,AUTO49-05-1-260323-ab-1340,,,,,,56.967384338378906,24.14651107788086,126.0,3.890000104904175,2,0344,Pērnavas iela,2026-04-01T13:56:17+03:00,2026-04-01T13:56:21+03:00
vehicle_position_79153,79153,Autobuss 55,AUTO55-02-1-260323-ba-1320,,,,,,56.94062805175781,24.09320831298828,46.0,6.110000133514404,2,5185,Nacionālā bibliotēka,2026-04-01T13:56:14+03:00,2026-04-01T13:56:21+03:00
vehicle_position_79164,79164,Autobuss 16,AUTO16-04-1-260323-ba-1330,,,,,,56.970802307128906,24.177871704101562,288.0,0.0,2,0465,Tālivalža iela,2026-04-01T13:56:17+03:00,2026-04-01T13:56:21+03:00
vehicle_position_79186,79186,Autobuss 23,AUTO23-03-1-260323-ba-1410,,,,,,56.87056350708008,24.110668182373047,134.0,0.0,2,1312,Baložu galapunkts,2026-04-01T13:56:00+03:00,2026-04-01T13:56:21+03:00
vehicle_position_79197,79197,Autobuss 51,AUTO51-04-1-260323-ab-1350,,,,,,56.94487380981445,24.120750427246094,312.0,6.670000076293945,2,0079,Centrālā stacija,2026-04-01T13:56:15+03:00,2026-04-01T13:56:21+03:00
vehicle_position_79218,79218,Autobuss 25,AUTO25-01-1-260323-ab-1350,,,,,,56.93710708618164,24.081634521484375,256.0,13.0600004196167,2,1112,E.Smiļģa iela,2026-04-01T13:56:17+03:00,2026-04-01T13:56:21+03:00
vehicle_position_79229,79229,Autobuss 12,AUTO12-01-1-260323-ab-1340,,,,,,56.9293212890625,24.153480529785156,136.0,19.170000076293945,2,0162,"Atpūtas centrs ""Lido""",2026-04-01T13:56:15+03:00,2026-04-01T13:56:21+03:00
vehicle_position_79231,79231,Autobuss 51,AUTO51-03-1-260323-ab-1330,,,,,,56.94622039794922,24.20766258239746,102.0,13.0600004196167,2,5342,A.Saharova iela,2026-04-01T13:53:40+03:00,2026-04-01T13:56:21+03:00
vehicle_position_79251,79251,Autobuss 15,AUTO15-02-1-260323-ab-1400,,,,,,56.85945510864258,24.29606819152832,274.0,6.110000133514404,2,0541,Dārziņu 46.līnija,2026-04-01T13:56:15+03:00,2026-04-01T13:56:21+03:00
vehicle_position_79262,79262,Autobuss 52,AUTO52-03-1-260323-ba-1400,,,,,,56.93476867675781,24.22121238708496,74.0,0.0,2,7978,Pļavnieku kapi,2026-04-01T13:56:16+03:00,2026-04-01T13:56:21+03:00
vehicle_position_79284,79284,Autobuss 51,AUTO51-01-1-260323-ba-1350,,,,,,56.943756103515625,24.22747230529785,286.0,12.779999732971191,2,5198,Liepiņas,2026-04-01T13:55:52+03:00,2026-04-01T13:56:21+03:00
vehicle_position_79305,79305,Autobuss 24,AUTO24-08-1-260323-ab-1350,,,,,,56.95493698120117,24.11012840270996,310.0,3.3299999237060547,2,2120,Medicīnas muzejs,2026-04-01T13:56:14+03:00,2026-04-01T13:56:21+03:00
vehicle_position_79327,79327,Autobuss 29,AUTO29-01-1-260323-acb-1310,,,,,,57.05230712890625,24.169567108154297,306.0,5.559999942779541,2,0521,Zundagi,2026-04-01T13:56:14+03:00,2026-04-01T13:56:21+03:00
vehicle_position_79338,79338,Autobuss 58,AUTO58-01-1-260323-ba-1350,,,,,,57.03466033935547,24.101591110229492,124.0,6.940000057220459,2,0254,Martas Rinkas iela,2026-04-01T13:56:14+03:00,2026-04-01T13:56:21+03:00
vehicle_position_79721,79721,Autobuss 2,AUTO2-01-1-260323-ab-1400,,,,,,56.94600296020508,24.131214141845703,94.0,3.3299999237060547,2,7749a,Abrenes iela,2026-04-01T13:56:16+03:00,2026-04-01T13:56:21+03:00
vehicle_position_79774,79774,Autobuss 13,AUTO13-04-1-260323-ab-1350,,,,,,56.98352813720703,23.999248504638672,52.0,14.170000076293945,2,1666,Liepezers,2026-04-01T13:56:13+03:00,2026-04-01T13:56:21+03:00
vehicle_position_79861,79861,Autobuss 15,AUTO15-01-1-260323-ab-1340,,,,,,56.89561080932617,24.214069366455078,310.0,7.5,2,0515,Višķu iela,2026-04-01T13:56:13+03:00,2026-04-01T13:56:21+03:00
