entity_id,trip_id,route_id,route_short_name,route_long_name,start_date,start_time,direction_id,trip_headsign,shape_id,schedule_relationship,vehicle_id,vehicle_label,trip_update_timestamp_local,feed_header_timestamp_local
trip_update_AUTO10-01-1-260323-ab-1440,AUTO10-01-1-260323-ab-1440,,,,,,,,,0,67068,Autobuss 10,2026-04-01T13:56:03+03:00,2026-04-01T13:56:21+03:00
trip_update_AUTO10-01-1-260323-ba-1320,AUTO10-01-1-260323-ba-1320,,,,,,,,,0,67068,Autobuss 10,2026-04-01T13:56:03+03:00,2026-04-01T13:56:21+03:00
trip_update_AUTO10-02-1-260323-ab-1340,AUTO10-02-1-260323-ab-1340,,,,,,,,,0,67188,Autobuss 10,2026-04-01T13:56:16+03:00,2026-04-01T13:56:21+03:00
trip_update_AUTO10-02-1-260323-ba-1430,AUTO10-02-1-260323-ba-1430,,,,,,,,,0,67188,Autobuss 10,2026-04-01T13:56:16+03:00,2026-04-01T13:56:21+03:00
trip_update_AUTO11-01-1-260323-ab1-1250,AUTO11-01-1-260323-ab1-1250,,,,,,,,,0,78463,Autobuss 11,2026-04-01T13:56:13+03:00,2026-04-01T13:56:21+03:00
trip_update_AUTO11-01-1-260323-b1a-1410,AUTO11-01-1-260323-b1a-1410,,,,,,,,,0,78463,Autobuss 11,2026-04-01T13:56:13+03:00,2026-04-01T13:56:21+03:00
trip_update_AUTO11-02-1-260323-ab-1330,AUTO11-02-1-260323-ab-1330,,,,,,,,,0,78158,Autobuss 11,2026-04-01T13:56:16+03:00,2026-04-01T13:56:21+03:00
trip_update_AUTO11-02-1-260323-ba-1440,AUTO11-02-1-260323-ba-1440,,,,,,,,,0,78158,Autobuss 11,2026-04-01T13:56:16+03:00,2026-04-01T13:56:21+03:00
trip_update_AUTO11-03-1-260323-ab1-1410,AUTO11-03-1-260323-ab1-1410,,,,,,,,,0,78800,Autobuss 11,2026-04-01T13:56:16+03:00,2026-04-01T13:56:21+03:00
trip_update_AUTO11-04-1-260323-ab-1440,AUTO11-04-1-260323-ab-1440,,,,,,,,,0,76723,Autobuss 11,2026-04-01T13:56:17+03:00,2026-04-01T13:56:21+03:00
trip_update_AUTO11-04-1-260323-ba-1330,AUTO11-04-1-260323-ba-1330,,,,,,,,,0,76723,Autobuss 11,2026-04-01T13:56:17+03:00,2026-04-01T13:56:21+03:00
trip_update_AUTO12-01-1-260323-ab-1340,AUTO12-01-1-260323-ab-1340,,,,,,,,,0,79229,Autobuss 12,2026-04-01T13:56:15+03:00,2026-04-01T13:56:21+03:00
trip_update_AUTO12-01-1-260323-ab-1450,AUTO12-01-1-260323-ab-1450,,,,,,,,,0,79229,Autobuss 12,2026-04-01T13:56:15+03:00,2026-04-01T13:56:21+03:00
trip_update_AUTO12-01-1-260323-ba-1410,AUTO12-01-1-260323-ba-1410,,,,,,,,,0,79229,Autobuss 12,2026-04-01T13:56:15+03:00,2026-04-01T13:56:21+03:00
trip_update_AUTO12-03-1-260323-ab-1420,AUTO12-03-1-260323-ab-1420,,,,,,,,,0,78485,Autobuss 12,2026-04-01T13:56:17+03:00,2026-04-01T13:56:21+03:00
trip_update_AUTO12-03-1-260323-ba-1340,AUTO12-03-1-260323-ba-1340,,,,,,,,,0,78485,Autobuss 12,2026-04-01T13:56:17+03:00,2026-04-01T13:56:21+03:00
trip_update_AUTO12-03-1-260323-ba-1450,AUTO12-03-1-260323-ba-1450,,,,,,,,,0,78485,Autobuss 12,2026-04-01T13:56:17+03:00,2026-04-01T13:56:21+03:00
trip_update_AUTO13-01-1-260323-ba-1350,AUTO13-01-1-260323-ba-1350,,,,,,,,,0,68422,Autobuss 13,2026-04-01T13:56:16+03:00,2026-04-01T13:56:21+03:00
trip_update_AUTO13-02-1-260323-ab-1240,AUTO13-02-1-260323-ab-1240,,,,,,,,,0,69592,Autobuss 13,2026-04-01T13:56:14+03:00,2026-04-01T13:56:21+03:00
trip_update_AUTO13-02-1-260323-ba-1420,AUTO13-02-1-260323-ba-1420,,,,,,,,,0,69592,Autobuss 13,2026-04-01T13:56:14+03:00,2026-04-01T13:56:21+03:00
trip_update_AUTO13-03-1-260323-ab-1310,AUTO13-03-1-260323-ab-1310,,,,,,,,,0,68368,Autobuss 13,2026-04-01T13:56:17+03:00,2026-04-01T13:56:21+03:00
trip_update_AUTO13-03-1-260323-ba-1450,AUTO13-03-1-260323-ba-1450,,,,,,,,,0,68368,Autobuss 13,2026-04-01T13:56:17+03:00,2026-04-01T13:56:21+03:00
trip_update_AUTO13-04-1-260323-ab-1350,AUTO13-04-1-260323-ab-1350,,,,,,,,,0,79774,Autobuss 13,2026-04-01T13:56:13+03:00,2026-04-01T13:56:21+03:00
trip_update_AUTO13-06-1-260323-ab-1500,AUTO13-06-1-260323-ab-1500,,,,,,,,,0,79044,Autobuss 13,2026-04-01T13:56:16+03:00,2026-04-01T13:56:21+03:00
trip_update_AUTO13-06-1-260323-ba-1310,AUTO13-06-1-260323-ba-1310,,,,,,,,,0,79044,Autobuss 13,2026-04-01T13:56:16+03:00,2026-04-01T13:56:21+03:00
trip_update_AUTO13-07-1-260323-ab-1420,AUTO13-07-1-260323-ab-1420,,,,,,,,,0,74875,Autobuss 13,2026-04-01T13:56:14+03:00,2026-04-01T13:56:21+03:00
trip_update_AUTO13-07-1-260323-ba-1240,AUTO13-07-1-260323-ba-1240,,,,,,,,,0,74875,Autobuss 13,2026-04-01T13:56:14+03:00,2026-04-01T13:56:21+03:00
trip_update_AUTO15-01-1-260323-ab-1340,AUTO15-01-1-260323-ab-1340,,,,,,,,,0,79861,Autobuss 15,2026-04-01T13:56:13+03:00,2026-04-01T13:56:21+03:00
trip_update_AUTO15-02-1-260323-ab-1400,AUTO15-02-1-260323-ab-1400,,,,,,,,,0,79251,Autobuss 15,2026-04-01T13:56:15+03:00,2026-04-01T13:56:21+03:00
trip_update_AUTO15-03-1-260323-ab-1430,AUTO15-03-1-260323-ab-1430,,,,,,,,,0,75543,Autobuss 15,2026-04-01T13:56:15+03:00,2026-04-01T13:56:21+03:00
trip_update_AUTO15-03-1-260323-ba-1300,AUTO15-03-1-260323-ba-1300,,,,,,,,,0,75543,Autobuss 15,2026-04-01T13:56:15+03:00,2026-04-01T13:56:21+03:00
trip_update_AUTO15-04-1-260323-ab-1450,AUTO15-04-1-260323-ab-1450,,,,,,,,,0,74799,Autobuss 15,2026-04-01T13:56:17+03:00,2026-04-01T13:56:21+03:00
trip_update_AUTO15-04-1-260323-ba-1320,AUTO15-04-1-260323-ba-1320,,,,,,,,,0,74799,Autobuss 15,2026-04-01T13:56:17+03:00,2026-04-01T13:56:21+03:00
trip_update_AUTO15-06-1-260323-ba-1340,AUTO15-06-1-260323-ba-1340,,,,,,,,,0,78768,Autobuss 15,2026-04-01T13:56:14+03:00,2026-04-01T13:56:21+03:00
trip_update_AUTO15-08-1-260323-ba-1410,AUTO15-08-1-260323-ba-1410,,,,,,,,,0,75663,Autobuss 15,2026-04-01T13:56:16+03:00,2026-04-01T13:56:21+03:00
trip_update_AUTO15-10-1-260323-ab-1310,AUTO15-10-1-260323-ab-1310,,,,,,,,,0,78125,Autobuss 15,2026-04-01T13:56:16+03:00,2026-04-01T13:56:21+03:00
trip_update_AUTO15-10-1-260323-ba-1430,AUTO15-10-1-260323-ba-1430,,,,,,,,,0,78125,Autobuss 15,2026-04-01T13:56:16+03:00,2026-04-01T13:56:21+03:00
trip_update_AUTO16-01-1-260323-ab-1300,AUTO16-01-1-260323-ab-1300,,,,,,,,,0,76832,Autobuss 16,2026-04-01T13:56:15+03:00,2026-04-01T13:56:21+03:00
trip_update_AUTO16-01-1-260323-ba-1410,AUTO16-01-1-260323-ba-1410,,,,,,,,,0,76832,Autobuss 16,2026-04-01T13:56:15+03:00,2026-04-01T13:56:21+03:00
trip_update_AUTO16-02-1-260323-ab-1400,AUTO16-02-1-260323-ab-1400,,,,,,,,,0,78615,Autobuss 16,2026-04-01T13:56:14+03:00,2026-04-01T13:56:21+03:00
trip_update_AUTO16-04-1-260323-ac3b-1430,AUTO16-04-1-260323-ac3b-1430,,,,,,,,,0,79164,Autobuss 16,2026-04-01T13:56:17+03:00,2026-04-01T13:56:21+03:00
trip_update_AUTO16-04-1-260323-ba-1330,AUTO16-04-1-260323-ba-1330,,,,,,,,,0,79164,Autobuss 16,2026-04-01T13:56:17+03:00,2026-04-01T13:56:21+03:00
trip_update_AUTO18-02-1-250901-ab-1440,AUTO18-02-1-250901-ab-1440,riga_bus_18,18,Abrenes iela - Dārziņi,,,0.0,Dārziņi,riga_bus_18_a-b,0,77544,Autobuss 18,2026-04-01T13:55:13+03:00,2026-04-01T13:56:21+03:00
trip_update_AUTO18-02-1-250901-ba-1340,AUTO18-02-1-250901-ba-1340,riga_bus_18,18,Abrenes iela - Dārziņi,,,1.0,Abrenes iela,riga_bus_18_b-a,0,77544,Autobuss 18,2026-04-01T13:55:13+03:00,2026-04-01T13:56:21+03:00
trip_update_AUTO18-03-1-250901-ab-1320,AUTO18-03-1-250901-ab-1320,riga_bus_18,18,Abrenes iela - Dārziņi,,,0.0,Dārziņi,riga_bus_18_a-b,0,77588,Autobuss 18,2026-04-01T13:56:00+03:00,2026-04-01T13:56:21+03:00
trip_update_AUTO18-03-1-250901-ba-1420,AUTO18-03-1-250901-ba-1420,riga_bus_18,18,Abrenes iela - Dārziņi,,,1.0,Abrenes iela,riga_bus_18_b-a,0,77588,Autobuss 18,2026-04-01T13:56:00+03:00,2026-04-01T13:56:21+03:00
trip_update_AUTO18-04-1-250901-ab-1400,AUTO18-04-1-250901-ab-1400,riga_bus_18,18,Abrenes iela - Dārziņi,,,0.0,Dārziņi,riga_bus_18_a-b,0,77609,Autobuss 18,2026-04-01T13:56:13+03:00,2026-04-01T13:56:21+03:00
trip_update_AUTO18-04-1-250901-ba-1500,AUTO18-04-1-250901-ba-1500,riga_bus_18,18,Abrenes iela - Dārziņi,,,1.0,Abrenes iela,riga_bus_18_b-a,0,77609,Autobuss 18,2026-04-01T13:56:13+03:00,2026-04-01T13:56:21+03:00
trip_update_AUTO2-01-1-260323-ab-1400,AUTO2-01-1-260323-ab-1400,,,,,,,,,0,79721,Autobuss 2,2026-04-01T13:56:16+03:00,2026-04-01T13:56:21+03:00
trip_update_AUTO2-01-1-260323-ba-1450,AUTO2-01-1-260323-ba-1450,,,,,,,,,0,79721,Autobuss 2,2026-04-01T13:56:16+03:00,2026-04-01T13:56:21+03:00
trip_update_AUTO2-03-1-260323-ab-1420,AUTO2-03-1-260323-ab-1420,,,,,,,,,0,76767,Autobuss 2,2026-04-01T13:56:13+03:00,2026-04-01T13:56:21+03:00
trip_update_AUTO2-03-1-260323-ba-1310,AUTO2-03-1-260323-ba-1310,,,,,,,,,0,76767,Autobuss 2,2026-04-01T13:56:13+03:00,2026-04-01T13:56:21+03:00
trip_update_AUTO2-04-1-260323-ab-1440,AUTO2-04-1-260323-ab-1440,,,,,,,,,0,78038,Autobuss 2,2026-04-01T13:56:14+03:00,2026-04-01T13:56:21+03:00
trip_update_AUTO2-04-1-260323-ba-1340,AUTO2-04-1-260323-ba-1340,,,,,,,,,0,78038,Autobuss 2,2026-04-01T13:56:14+03:00,2026-04-01T13:56:21+03:00
trip_update_AUTO2-07-1-260323-ab-1310,AUTO2-07-1-260323-ab-1310,,,,,,,,,0,78169,Autobuss 2,2026-04-01T13:56:14+03:00,2026-04-01T13:56:21+03:00
trip_update_AUTO2-07-1-260323-ba-1400,AUTO2-07-1-260323-ba-1400,,,,,,,,,0,78169,Autobuss 2,2026-04-01T13:56:14+03:00,2026-04-01T13:56:21+03:00
trip_update_AUTO2-08-1-260323-ab-1330,AUTO2-08-1-260323-ab-1330,,,,,,,,,0,79111,Autobuss 2,2026-04-01T13:56:16+03:00,2026-04-01T13:56:21+03:00
trip_update_AUTO2-08-1-260323-ba-1430,AUTO2-08-1-260323-ba-1430,,,,,,,,,0,79111,Autobuss 2,2026-04-01T13:56:16+03:00,2026-04-01T13:56:21+03:00
trip_update_AUTO20-01-1-260323-ab-1310,AUTO20-01-1-260323-ab-1310,,,,,,,,,0,71203,Autobuss 20,2026-04-01T13:56:19+03:00,2026-04-01T13:56:21+03:00
trip_update_AUTO20-01-1-260323-ba-1410,AUTO20-01-1-260323-ba-1410,,,,,,,,,0,71203,Autobuss 20,2026-04-01T13:56:19+03:00,2026-04-01T13:56:21+03:00
trip_update_AUTO20-02-1-260323-ab-1410,AUTO20-02-1-260323-ab-1410,,,,,,,,,0,71280,Autobuss 20,2026-04-01T13:56:18+03:00,2026-04-01T13:56:21+03:00
trip_update_AUTO20-02-1-260323-ba-1310,AUTO20-02-1-260323-ba-1310,,,,,,,,,0,71280,Autobuss 20,2026-04-01T13:56:18+03:00,2026-04-01T13:56:21+03:00
trip_update_AUTO21-01-1-260323-ba-1330,AUTO21-01-1-260323-ba-1330,,,,,,,,,0,68869,Autobuss 21,2026-04-01T13:56:13+03:00,2026-04-01T13:56:21+03:00
trip_update_AUTO21-02-1-260323-ba-1350,AUTO21-02-1-260323-ba-1350,,,,,,,,,0,68466,Autobuss 21,2026-04-01T13:56:18+03:00,2026-04-01T13:56:21+03:00
trip_update_AUTO21-03-1-260323-ab-1240,AUTO21-03-1-260323-ab-1240,,,,,,,,,0,68488,Autobuss 21,2026-04-01T13:56:17+03:00,2026-04-01T13:56:21+03:00
trip_update_AUTO21-03-1-260323-ba-1410,AUTO21-03-1-260323-ba-1410,,,,,,,,,0,68488,Autobuss 21,2026-04-01T13:56:17+03:00,2026-04-01T13:56:21+03:00
trip_update_AUTO21-04-1-260323-ab-1300,AUTO21-04-1-260323-ab-1300,,,,,,,,,0,78071,Autobuss 21,2026-04-01T13:56:13+03:00,2026-04-01T13:56:21+03:00
trip_update_AUTO21-04-1-260323-ba-1430,AUTO21-04-1-260323-ba-1430,,,,,,,,,0,78071,Autobuss 21,2026-04-01T13:56:13+03:00,2026-04-01T13:56:21+03:00
trip_update_AUTO21-05-1-260323-ab-1320,AUTO21-05-1-260323-ab-1320,,,,,,,,,0,79011,Autobuss 21,2026-04-01T13:56:15+03:00,2026-04-01T13:56:21+03:00
trip_update_AUTO21-05-1-260323-ba-1450,AUTO21-05-1-260323-ba-1450,,,,,,,,,0,79011,Autobuss 21,2026-04-01T13:56:15+03:00,2026-04-01T13:56:21+03:00
trip_update_AUTO21-07-1-260323-ab-1340,AUTO21-07-1-260323-ab-1340,,,,,,,,,0,78016,Autobuss 21,2026-04-01T13:56:02+03:00,2026-04-01T13:56:21+03:00
trip_update_AUTO21-08-1-260323-ab-1400,AUTO21-08-1-260323-ab-1400,,,,,,,,,0,79055,Autobuss 21,2026-04-01T13:56:17+03:00,2026-04-01T13:56:21+03:00
trip_update_AUTO21-10-1-260323-ab-1420,AUTO21-10-1-260323-ab-1420,,,,,,,,,0,68477,Autobuss 21,2026-04-01T13:56:17+03:00,2026-04-01T13:56:21+03:00
trip_update_AUTO21-10-1-260323-ba-1250,AUTO21-10-1-260323-ba-1250,,,,,,,,,0,68477,Autobuss 21,2026-04-01T13:56:17+03:00,2026-04-01T13:56:21+03:00
trip_update_AUTO21-11-1-260323-ab-1440,AUTO21-11-1-260323-ab-1440,,,,,,,,,0,68891,Autobuss 21,2026-04-01T13:56:15+03:00,2026-04-01T13:56:21+03:00
trip_update_AUTO21-11-1-260323-ba-1310,AUTO21-11-1-260323-ba-1310,,,,,,,,,0,68891,Autobuss 21,2026-04-01T13:56:15+03:00,2026-04-01T13:56:21+03:00
trip_update_AUTO22-01-1-260323-ab-1330,AUTO22-01-1-260323-ab-1330,,,,,,,,,0,78757,Autobuss 22,2026-04-01T13:49:42+03:00,2026-04-01T13:56:21+03:00
trip_update_AUTO22-01-1-260323-ba-1410,AUTO22-01-1-260323-ba-1410,,,,,,,,,0,78757,Autobuss 22,2026-04-01T13:49:42+03:00,2026-04-01T13:56:21+03:00
trip_update_AUTO22-02-1-260323-ab-1320,AUTO22-02-1-260323-ab-1320,,,,,,,,,0,78822,Autobuss 22,2026-04-01T13:56:18+03:00,2026-04-01T13:56:21+03:00
trip_update_AUTO22-02-1-260323-ab-1500,AUTO22-02-1-260323-ab-1500,,,,,,,,,0,78822,Autobuss 22,2026-04-01T13:56:18+03:00,2026-04-01T13:56:21+03:00
trip_update_AUTO22-02-1-260323-ba-1400,AUTO22-02-1-260323-ba-1400,,,,,,,,,0,78822,Autobuss 22,2026-04-01T13:56:18+03:00,2026-04-01T13:56:21+03:00
trip_update_AUTO22-03-1-260323-ab-1340,AUTO22-03-1-260323-ab-1340,,,,,,,,,0,78670,Autobuss 22,2026-04-01T13:56:16+03:00,2026-04-01T13:56:21+03:00
trip_update_AUTO22-03-1-260323-ba-1420,AUTO22-03-1-260323-ba-1420,,,,,,,,,0,78670,Autobuss 22,2026-04-01T13:56:16+03:00,2026-04-01T13:56:21+03:00
trip_update_AUTO22-05-1-260323-ab-1350,AUTO22-05-1-260323-ab-1350,,,,,,,,,0,78877,Autobuss 22,2026-04-01T13:56:16+03:00,2026-04-01T13:56:21+03:00
trip_update_AUTO22-05-1-260323-ba-1430,AUTO22-05-1-260323-ba-1430,,,,,,,,,0,78877,Autobuss 22,2026-04-01T13:56:16+03:00,2026-04-01T13:56:21+03:00
trip_update_AUTO22-06-1-260323-ab-1400,AUTO22-06-1-260323-ab-1400,,,,,,,,,0,78648,Autobuss 22,2026-04-01T13:56:14+03:00,2026-04-01T13:56:21+03:00
trip_update_AUTO22-06-1-260323-ba-1450,AUTO22-06-1-260323-ba-1450,,,,,,,,,0,78648,Autobuss 22,2026-04-01T13:56:14+03:00,2026-04-01T13:56:21+03:00
trip_update_AUTO22-08-1-260323-ab-1410,AUTO22-08-1-260323-ab-1410,,,,,,,,,0,78661,Autobuss 22,2026-04-01T13:56:13+03:00,2026-04-01T13:56:21+03:00
trip_update_AUTO22-08-1-260323-ba-1330,AUTO22-08-1-260323-ba-1330,,,,,,,,,0,78661,Autobuss 22,2026-04-01T13:56:13+03:00,2026-04-01T13:56:21+03:00
trip_update_AUTO22-08-1-260323-ba-1500,AUTO22-08-1-260323-ba-1500,,,,,,,,,0,78661,Autobuss 22,2026-04-01T13:56:13+03:00,2026-04-01T13:56:21+03:00
trip_update_AUTO22-09-1-260323-ab-1430,AUTO22-09-1-260323-ab-1430,,,,,,,,,0,78844,Autobuss 22,2026-04-01T13:56:14+03:00,2026-04-01T13:56:21+03:00
trip_update_AUTO22-09-1-260323-ba-1340,AUTO22-09-1-260323-ba-1340,,,,,,,,,0,78844,Autobuss 22,2026-04-01T13:56:14+03:00,2026-04-01T13:56:21+03:00
trip_update_AUTO22-10-1-260323-ab-1440,AUTO22-10-1-260323-ab-1440,,,,,,,,,0,78421,Autobuss 22,2026-04-01T13:56:13+03:00,2026-04-01T13:56:21+03:00
trip_update_AUTO22-10-1-260323-ba-1350,AUTO22-10-1-260323-ba-1350,,,,,,,,,0,78421,Autobuss 22,2026-04-01T13:56:13+03:00,2026-04-01T13:56:21+03:00
trip_update_AUTO23-01-1-260323-ab-1420,AUTO23-01-1-260323-ab-1420,,,,,,,,,0,76898,Autobuss 23,2026-04-01T13:56:17+03:00,2026-04-01T13:56:21+03:00
trip_update_AUTO23-01-1-260323-ba-1330,AUTO23-01-1-260323-ba-1330,,,,,,,,,0,76898,Autobuss 23,2026-04-01T13:56:17+03:00,2026-04-01T13:56:21+03:00
trip_update_AUTO23-02-1-260323-ba-1350,AUTO23-02-1-260323-ba-1350,,,,,,,,,0,71334,Autobuss 26,2026-04-01T13:56:16+03:00,2026-04-01T13:56:21+03:00
trip_update_AUTO23-03-1-260323-ba-1410,AUTO23-03-1-260323-ba-1410,,,,,,,,,0,79186,Autobuss 23,2026-04-01T13:56:00+03:00,2026-04-01T13:56:21+03:00
trip_update_AUTO23-04-1-260323-ab-1350,AUTO23-04-1-260323-ab-1350,,,,,,,,,0,79066,Autobuss 23,2026-04-01T13:56:16+03:00,2026-04-01T13:56:21+03:00
trip_update_AUTO23-04-1-260323-ba-1440,AUTO23-04-1-260323-ba-1440,,,,,,,,,0,79066,Autobuss 23,2026-04-01T13:56:16+03:00,2026-04-01T13:56:21+03:00
trip_update_AUTO24-01-1-260323-ab-1410,AUTO24-01-1-260323-ab-1410,,,,,,,,,0,78419,Autobuss 24,2026-04-01T13:56:15+03:00,2026-04-01T13:56:21+03:00
trip_update_AUTO24-02-1-260323-ab-1430,AUTO24-02-1-260323-ab-1430,,,,,,,,,0,78408,Autobuss 24,2026-04-01T13:56:15+03:00,2026-04-01T13:56:21+03:00
trip_update_AUTO24-02-1-260323-ba-1310,AUTO24-02-1-260323-ba-1310,,,,,,,,,0,78408,Autobuss 24,2026-04-01T13:56:15+03:00,2026-04-01T13:56:21+03:00
trip_update_AUTO24-04-1-260323-ab-1450,AUTO24-04-1-260323-ab-1450,,,,,,,,,0,76712,Autobuss 24,2026-04-01T13:56:15+03:00,2026-04-01T13:56:21+03:00
trip_update_AUTO24-04-1-260323-ba-1330,AUTO24-04-1-260323-ba-1330,,,,,,,,,0,76712,Autobuss 24,2026-04-01T13:56:15+03:00,2026-04-01T13:56:21+03:00
trip_update_AUTO24-05-1-260323-ba-1400,AUTO24-05-1-260323-ba-1400,,,,,,,,,0,78594,Autobuss 24,2026-04-01T13:56:14+03:00,2026-04-01T13:56:21+03:00
trip_update_AUTO24-06-1-260323-ab-1250,AUTO24-06-1-260323-ab-1250,,,,,,,,,0,76734,Autobuss 24,2026-04-01T13:50:53+03:00,2026-04-01T13:56:21+03:00
trip_update_AUTO24-06-1-260323-ba-1420,AUTO24-06-1-260323-ba-1420,,,,,,,,,0,76734,Autobuss 24,2026-04-01T13:50:53+03:00,2026-04-01T13:56:21+03:00
trip_update_AUTO24-07-1-260323-ab-1320,AUTO24-07-1-260323-ab-1320,,,,,,,,,0,76810,Autobuss 24,2026-04-01T13:55:02+03:00,2026-04-01T13:56:21+03:00
trip_update_AUTO24-07-1-260323-ba-1440,AUTO24-07-1-260323-ba-1440,,,,,,,,,0,76810,Autobuss 24,2026-04-01T13:55:02+03:00,2026-04-01T13:56:21+03:00
trip_update_AUTO24-08-1-260323-ab-1350,AUTO24-08-1-260323-ab-1350,,,,,,,,,0,79305,Autobuss 24,2026-04-01T13:56:14+03:00,2026-04-01T13:56:21+03:00
trip_update_AUTO25-01-1-260323-ab-1350,AUTO25-01-1-260323-ab-1350,,,,,,,,,0,79218,Autobuss 25,2026-04-01T13:56:17+03:00,2026-04-01T13:56:21+03:00
trip_update_AUTO25-01-1-260323-ba-1430,AUTO25-01-1-260323-ba-1430,,,,,,,,,0,79218,Autobuss 25,2026-04-01T13:56:17+03:00,2026-04-01T13:56:21+03:00
trip_update_AUTO25-02-1-260323-ab-1420,AUTO25-02-1-260323-ab-1420,,,,,,,,,0,78702,Autobuss 25,2026-04-01T13:56:16+03:00,2026-04-01T13:56:21+03:00
trip_update_AUTO25-02-1-260323-ba-1330,AUTO25-02-1-260323-ba-1330,,,,,,,,,0,78702,Autobuss 25,2026-04-01T13:56:16+03:00,2026-04-01T13:56:21+03:00
trip_update_AUTO25-04-1-260323-ab-1320,AUTO25-04-1-260323-ab-1320,,,,,,,,,0,78833,Autobuss 25,2026-04-01T13:56:16+03:00,2026-04-01T13:56:21+03:00
trip_update_AUTO25-04-1-260323-ab-1450,AUTO25-04-1-260323-ab-1450,,,,,,,,,0,78833,Autobuss 25,2026-04-01T13:56:16+03:00,2026-04-01T13:56:21+03:00
trip_update_AUTO25-04-1-260323-ba-1400,AUTO25-04-1-260323-ba-1400,,,,,,,,,0,78833,Autobuss 25,2026-04-01T13:56:16+03:00,2026-04-01T13:56:21+03:00
trip_update_AUTO28-01-1-260323-ab-1400,AUTO28-01-1-260323-ab-1400,,,,,,,,,0,77555,Autobuss 28,2026-04-01T13:56:15+03:00,2026-04-01T13:56:21+03:00
trip_update_AUTO28-01-1-260323-ba-1430,AUTO28-01-1-260323-ba-1430,,,,,,,,,0,77555,Autobuss 28,2026-04-01T13:56:15+03:00,2026-04-01T13:56:21+03:00
trip_update_AUTO28-02-1-260323-ab-1450,AUTO28-02-1-260323-ab-1450,,,,,,,,,0,71182,Autobuss 28,2026-04-01T13:56:17+03:00,2026-04-01T13:56:21+03:00
trip_update_AUTO29-01-1-260323-acb-1310,AUTO29-01-1-260323-acb-1310,,,,,,,,,0,79327,Autobuss 29,2026-04-01T13:56:14+03:00,2026-04-01T13:56:21+03:00
trip_update_AUTO29-01-1-260323-bca-1430,AUTO29-01-1-260323-bca-1430,,,,,,,,,0,79327,Autobuss 29,2026-04-01T13:56:14+03:00,2026-04-01T13:56:21+03:00
trip_update_AUTO29-02-1-260323-acb-1350,AUTO29-02-1-260323-acb-1350,,,,,,,,,0,,,2026-04-01T13:56:21+03:00,2026-04-01T13:56:21+03:00
trip_update_AUTO29-03-1-260323-acb-1430,AUTO29-03-1-260323-acb-1430,,,,,,,,,0,77522,Autobuss 29,2026-04-01T13:56:17+03:00,2026-04-01T13:56:21+03:00
trip_update_AUTO29-03-1-260323-bca-1320,AUTO29-03-1-260323-bca-1320,,,,,,,,,0,77522,Autobuss 29,2026-04-01T13:56:17+03:00,2026-04-01T13:56:21+03:00
trip_update_AUTO29-04-1-260323-bca-1350,AUTO29-04-1-260323-bca-1350,,,,,,,,,0,77566,Autobuss 29,2026-04-01T13:56:15+03:00,2026-04-01T13:56:21+03:00
trip_update_AUTO3-01-1-260323-ab-1420,AUTO3-01-1-260323-ab-1420,,,,,,,,,0,69428,Autobuss 3,2026-04-01T13:56:17+03:00,2026-04-01T13:56:21+03:00
trip_update_AUTO3-01-1-260323-ba-1300,AUTO3-01-1-260323-ba-1300,,,,,,,,,0,69428,Autobuss 3,2026-04-01T13:56:17+03:00,2026-04-01T13:56:21+03:00
trip_update_AUTO3-03-1-260323-ab-1440,AUTO3-03-1-260323-ab-1440,,,,,,,,,0,68880,Autobuss 3,2026-04-01T13:56:15+03:00,2026-04-01T13:56:21+03:00
trip_update_AUTO3-03-1-260323-ba-1310,AUTO3-03-1-260323-ba-1310,,,,,,,,,0,68880,Autobuss 3,2026-04-01T13:56:15+03:00,2026-04-01T13:56:21+03:00
trip_update_AUTO3-05-1-260323-ba-1340,AUTO3-05-1-260323-ba-1340,,,,,,,,,0,68204,Autobuss 3,2026-04-01T13:56:15+03:00,2026-04-01T13:56:21+03:00
trip_update_AUTO3-07-1-260323-ba-1350,AUTO3-07-1-260323-ba-1350,,,,,,,,,0,69679,Autobuss 3,2026-04-01T13:56:02+03:00,2026-04-01T13:56:21+03:00
trip_update_AUTO3-08-1-260323-ab-1240,AUTO3-08-1-260323-ab-1240,,,,,,,,,0,69526,Autobuss 3,2026-04-01T13:56:17+03:00,2026-04-01T13:56:21+03:00
trip_update_AUTO3-08-1-260323-ba-1410,AUTO3-08-1-260323-ba-1410,,,,,,,,,0,69526,Autobuss 3,2026-04-01T13:56:17+03:00,2026-04-01T13:56:21+03:00
trip_update_AUTO3-09-1-260323-ba-1400,AUTO3-09-1-260323-ba-1400,,,,,,,,,0,69406,Autobuss 3,2026-04-01T13:56:17+03:00,2026-04-01T13:56:21+03:00
trip_update_AUTO3-11-1-260323-ab-1250,AUTO3-11-1-260323-ab-1250,,,,,,,,,0,69646,Autobuss 3,2026-04-01T13:56:02+03:00,2026-04-01T13:56:21+03:00
trip_update_AUTO3-11-1-260323-ba-1420,AUTO3-11-1-260323-ba-1420,,,,,,,,,0,69646,Autobuss 3,2026-04-01T13:56:02+03:00,2026-04-01T13:56:21+03:00
trip_update_AUTO3-12-1-260323-ab-1300,AUTO3-12-1-260323-ab-1300,,,,,,,,,0,78911,Autobuss 3,2026-04-01T13:56:14+03:00,2026-04-01T13:56:21+03:00
trip_update_AUTO3-12-1-260323-ba-1430,AUTO3-12-1-260323-ba-1430,,,,,,,,,0,78911,Autobuss 3,2026-04-01T13:56:14+03:00,2026-04-01T13:56:21+03:00
trip_update_AUTO3-17-1-260323-ab-1320,AUTO3-17-1-260323-ab-1320,,,,,,,,,0,68847,Autobuss 3,2026-04-01T13:56:15+03:00,2026-04-01T13:56:21+03:00
trip_update_AUTO3-17-1-260323-ba-1440,AUTO3-17-1-260323-ba-1440,,,,,,,,,0,68847,Autobuss 3,2026-04-01T13:56:15+03:00,2026-04-01T13:56:21+03:00
trip_update_AUTO3-18-1-260323-ab-1330,AUTO3-18-1-260323-ab-1330,,,,,,,,,0,78735,Autobuss 3,2026-04-01T13:56:14+03:00,2026-04-01T13:56:21+03:00
trip_update_AUTO3-18-1-260323-ba-1450,AUTO3-18-1-260323-ba-1450,,,,,,,,,0,78735,Autobuss 3,2026-04-01T13:56:14+03:00,2026-04-01T13:56:21+03:00
trip_update_AUTO3-20-1-260323-ab-1350,AUTO3-20-1-260323-ab-1350,,,,,,,,,0,79099,Autobuss 3,2026-04-01T13:56:13+03:00,2026-04-01T13:56:21+03:00
trip_update_AUTO3-21-1-260323-ab-1340,AUTO3-21-1-260323-ab-1340,,,,,,,,,0,68858,Autobuss 3,2026-04-01T13:56:17+03:00,2026-04-01T13:56:21+03:00
trip_update_AUTO3-22-1-260323-ab-1400,AUTO3-22-1-260323-ab-1400,,,,,,,,,0,69635,Autobuss 3,2026-04-01T13:56:14+03:00,2026-04-01T13:56:21+03:00
trip_update_AUTO3-25-1-260323-ba-1410,AUTO3-25-1-260323-ba-1410,,,,,,,,,0,78692,Autobuss 3,2026-04-01T13:56:21+03:00,2026-04-01T13:56:21+03:00
trip_update_AUTO3-26-1-260323-ab-1410,AUTO3-26-1-260323-ab-1410,,,,,,,,,0,69559,Autobuss 3,2026-04-01T13:56:15+03:00,2026-04-01T13:56:21+03:00
trip_update_AUTO3-27-1-260323-ab-1420,AUTO3-27-1-260323-ab-1420,,,,,,,,,0,78866,Autobuss 3,2026-04-01T13:56:18+03:00,2026-04-01T13:56:21+03:00
trip_update_AUTO3-27-1-260323-ba-1250,AUTO3-27-1-260323-ba-1250,,,,,,,,,0,78866,Autobuss 3,2026-04-01T13:56:18+03:00,2026-04-01T13:56:21+03:00
trip_update_AUTO3-28-1-260323-ab-1430,AUTO3-28-1-260323-ab-1430,,,,,,,,,0,78441,Autobuss 3,2026-04-01T13:56:17+03:00,2026-04-01T13:56:21+03:00
trip_update_AUTO3-28-1-260323-ba-1300,AUTO3-28-1-260323-ba-1300,,,,,,,,,0,78441,Autobuss 3,2026-04-01T13:56:17+03:00,2026-04-01T13:56:21+03:00
trip_update_AUTO31-01-1-260323-ba-1350,AUTO31-01-1-260323-ba-1350,,,,,,,,,0,78931,Autobuss 31,2026-04-01T13:56:17+03:00,2026-04-01T13:56:21+03:00
trip_update_AUTO31-03-1-260323-ab-1330,AUTO31-03-1-260323-ab-1330,,,,,,,,,0,65067,Autobuss 31,2026-04-01T13:56:17+03:00,2026-04-01T13:56:21+03:00
trip_update_AUTO31-03-1-260323-ba-1450,AUTO31-03-1-260323-ba-1450,,,,,,,,,0,65067,Autobuss 31,2026-04-01T13:56:17+03:00,2026-04-01T13:56:21+03:00
trip_update_AUTO31-04-1-260323-ab-1410,AUTO31-04-1-260323-ab-1410,,,,,,,,,0,78899,Autobuss 31,2026-04-01T13:56:17+03:00,2026-04-01T13:56:21+03:00
trip_update_AUTO31-04-1-260323-ba-1250,AUTO31-04-1-260323-ba-1250,,,,,,,,,0,78899,Autobuss 31,2026-04-01T13:56:17+03:00,2026-04-01T13:56:21+03:00
trip_update_AUTO32-01-1-260323-ab-1350,AUTO32-01-1-260323-ab-1350,,,,,,,,,0,65154,Autobuss 32,2026-04-01T13:56:14+03:00,2026-04-01T13:56:21+03:00
trip_update_AUTO32-01-1-260323-ba-1430,AUTO32-01-1-260323-ba-1430,,,,,,,,,0,65154,Autobuss 32,2026-04-01T13:56:14+03:00,2026-04-01T13:56:21+03:00
trip_update_AUTO33-01-1-260323-ab-1410,AUTO33-01-1-260323-ab-1410,,,,,,,,,0,71225,Autobuss 33,2026-04-01T13:56:18+03:00,2026-04-01T13:56:21+03:00
trip_update_AUTO33-01-1-260323-ba-1500,AUTO33-01-1-260323-ba-1500,,,,,,,,,0,71225,Autobuss 33,2026-04-01T13:56:18+03:00,2026-04-01T13:56:21+03:00
trip_update_AUTO33-04-1-260323-ab-1340,AUTO33-04-1-260323-ab-1340,,,,,,,,,0,71051,Autobuss 33,2026-04-01T13:56:14+03:00,2026-04-01T13:56:21+03:00
trip_update_AUTO33-04-1-260323-ba-1430,AUTO33-04-1-260323-ba-1430,,,,,,,,,0,71051,Autobuss 33,2026-04-01T13:56:14+03:00,2026-04-01T13:56:21+03:00
trip_update_AUTO34-01-1-260323-ab-1410,AUTO34-01-1-260323-ab-1410,,,,,,,,,0,71062,Autobuss 34,2026-04-01T13:56:15+03:00,2026-04-01T13:56:21+03:00
trip_update_AUTO34-01-1-260323-ba-1500,AUTO34-01-1-260323-ba-1500,,,,,,,,,0,71062,Autobuss 34,2026-04-01T13:56:15+03:00,2026-04-01T13:56:21+03:00
trip_update_AUTO36-01-1-260323-ab-1400,AUTO36-01-1-260323-ab-1400,,,,,,,,,0,68117,Autobuss 36,2026-04-01T13:56:17+03:00,2026-04-01T13:56:21+03:00
trip_update_AUTO36-03-1-260323-ab1-1440,AUTO36-03-1-260323-ab1-1440,,,,,,,,,0,69461,Autobuss 36,2026-04-01T13:56:13+03:00,2026-04-01T13:56:21+03:00
trip_update_AUTO36-03-1-260323-ba-1330,AUTO36-03-1-260323-ba-1330,,,,,,,,,0,69461,Autobuss 36,2026-04-01T13:56:13+03:00,2026-04-01T13:56:21+03:00
trip_update_AUTO36-04-1-260323-ab1-1320,AUTO36-04-1-260323-ab1-1320,,,,,,,,,0,68836,Autobuss 36,2026-04-01T13:56:14+03:00,2026-04-01T13:56:21+03:00
trip_update_AUTO36-04-1-260323-b1a-1430,AUTO36-04-1-260323-b1a-1430,,,,,,,,,0,68836,Autobuss 36,2026-04-01T13:56:14+03:00,2026-04-01T13:56:21+03:00
trip_update_AUTO37-01-1-260323-ab-1430,AUTO37-01-1-260323-ab-1430,,,,,,,,,0,68400,Autobuss 37,2026-04-01T13:56:14+03:00,2026-04-01T13:56:21+03:00
trip_update_AUTO37-01-1-260323-ba-1400,AUTO37-01-1-260323-ba-1400,,,,,,,,,0,68400,Autobuss 37,2026-04-01T13:56:14+03:00,2026-04-01T13:56:21+03:00
trip_update_AUTO37-02-1-260323-ab-1350,AUTO37-02-1-260323-ab-1350,,,,,,,,,0,68324,Autobuss 37,2026-04-01T13:56:15+03:00,2026-04-01T13:56:21+03:00
trip_update_AUTO37-02-1-260323-ab-1450,AUTO37-02-1-260323-ab-1450,,,,,,,,,0,68324,Autobuss 37,2026-04-01T13:56:15+03:00,2026-04-01T13:56:21+03:00
trip_update_AUTO37-02-1-260323-ba-1420,AUTO37-02-1-260323-ba-1420,,,,,,,,,0,68324,Autobuss 37,2026-04-01T13:56:15+03:00,2026-04-01T13:56:21+03:00
trip_update_AUTO37-04-1-260323-ab-1410,AUTO37-04-1-260323-ab-1410,,,,,,,,,0,68161,Autobuss 37,2026-04-01T13:56:15+03:00,2026-04-01T13:56:21+03:00
trip_update_AUTO37-04-1-260323-ba-1340,AUTO37-04-1-260323-ba-1340,,,,,,,,,0,68161,Autobuss 37,2026-04-01T13:56:15+03:00,2026-04-01T13:56:21+03:00
trip_update_AUTO37-04-1-260323-ba-1440,AUTO37-04-1-260323-ba-1440,,,,,,,,,0,68161,Autobuss 37,2026-04-01T13:56:15+03:00,2026-04-01T13:56:21+03:00
trip_update_AUTO38-01-1-260323-ab-1350,AUTO38-01-1-260323-ab-1350,,,,,,,,,0,61457,Autobuss 38,2026-04-01T13:56:14+03:00,2026-04-01T13:56:21+03:00
trip_update_AUTO39-01-1-260323-ab-1430,AUTO39-01-1-260323-ab-1430,,,,,,,,,0,61446,Autobuss 39,2026-04-01T13:56:17+03:00,2026-04-01T13:56:21+03:00
trip_update_AUTO39-01-1-260323-ba-1340,AUTO39-01-1-260323-ba-1340,,,,,,,,,0,61446,Autobuss 39,2026-04-01T13:56:17+03:00,2026-04-01T13:56:21+03:00
trip_update_AUTO4-01-1-260323-ab-1350,AUTO4-01-1-260323-ab-1350,,,,,,,,,0,68803,Autobuss 4,2026-04-01T13:56:14+03:00,2026-04-01T13:56:21+03:00
trip_update_AUTO4-01-1-260323-ba-1440,AUTO4-01-1-260323-ba-1440,,,,,,,,,0,68803,Autobuss 4,2026-04-01T13:56:14+03:00,2026-04-01T13:56:21+03:00
trip_update_AUTO4-02-1-260323-ab-1420,AUTO4-02-1-260323-ab-1420,,,,,,,,,0,69265,Autobuss 4,2026-04-01T13:56:17+03:00,2026-04-01T13:56:21+03:00
trip_update_AUTO4-02-1-260323-ba-1320,AUTO4-02-1-260323-ba-1320,,,,,,,,,0,69265,Autobuss 4,2026-04-01T13:56:17+03:00,2026-04-01T13:56:21+03:00
trip_update_AUTO4-03-1-260323-ab-1450,AUTO4-03-1-260323-ab-1450,,,,,,,,,0,69602,Autobuss 4,2026-04-01T13:56:15+03:00,2026-04-01T13:56:21+03:00
trip_update_AUTO4-03-1-260323-ba-1350,AUTO4-03-1-260323-ba-1350,,,,,,,,,0,69602,Autobuss 4,2026-04-01T13:56:15+03:00,2026-04-01T13:56:21+03:00
trip_update_AUTO4-04-1-260323-ab-1330,AUTO4-04-1-260323-ab-1330,,,,,,,,,0,68411,Autobuss 4,2026-04-01T13:56:16+03:00,2026-04-01T13:56:21+03:00
trip_update_AUTO4-04-1-260323-ba-1420,AUTO4-04-1-260323-ba-1420,,,,,,,,,0,68411,Autobuss 4,2026-04-01T13:56:16+03:00,2026-04-01T13:56:21+03:00
trip_update_AUTO41-01-1-260126-ab-1420,AUTO41-01-1-260126-ab-1420,riga_bus_41,41,Esplanāde - Imanta,,,0.0,Imanta,riga_bus_41_a-b,0,68259,Autobuss 41,2026-04-01T13:55:40+03:00,2026-04-01T13:56:21+03:00
trip_update_AUTO41-01-1-260126-ba-1350,AUTO41-01-1-260126-ba-1350,riga_bus_41,41,Esplanāde - Imanta,,,1.0,Esplanāde,riga_bus_41_b-a,0,68259,Autobuss 41,2026-04-01T13:55:40+03:00,2026-04-01T13:56:21+03:00
trip_update_AUTO41-01-1-260126-ba-1450,AUTO41-01-1-260126-ba-1450,riga_bus_41,41,Esplanāde - Imanta,,,1.0,Esplanāde,riga_bus_41_b-a,0,68259,Autobuss 41,2026-04-01T13:55:40+03:00,2026-04-01T13:56:21+03:00
trip_update_AUTO41-02-1-260126-ab-1340,AUTO41-02-1-260126-ab-1340,riga_bus_41,41,Esplanāde - Imanta,,,0.0,Imanta,riga_bus_41_a-b,0,68139,Autobuss 41,2026-04-01T13:56:13+03:00,2026-04-01T13:56:21+03:00
trip_update_AUTO41-02-1-260126-ab-1440,AUTO41-02-1-260126-ab-1440,riga_bus_41,41,Esplanāde - Imanta,,,0.0,Imanta,riga_bus_41_a-b,0,68139,Autobuss 41,2026-04-01T13:56:13+03:00,2026-04-01T13:56:21+03:00
trip_update_AUTO41-02-1-260126-ba-1410,AUTO41-02-1-260126-ba-1410,riga_bus_41,41,Esplanāde - Imanta,,,1.0,Esplanāde,riga_bus_41_b-a,0,68139,Autobuss 41,2026-04-01T13:56:13+03:00,2026-04-01T13:56:21+03:00
trip_update_AUTO41-03-1-260126-ab-1400,AUTO41-03-1-260126-ab-1400,riga_bus_41,41,Esplanāde - Imanta,,,0.0,Imanta,riga_bus_41_a-b,0,68172,Autobuss 41,2026-04-01T13:56:15+03:00,2026-04-01T13:56:21+03:00
trip_update_AUTO41-03-1-260126-ba-1430,AUTO41-03-1-260126-ba-1430,riga_bus_41,41,Esplanāde - Imanta,,,1.0,Esplanāde,riga_bus_41_b-a,0,68172,Autobuss 41,2026-04-01T13:56:15+03:00,2026-04-01T13:56:21+03:00
trip_update_AUTO43-01-1-260323-ba-1400,AUTO43-01-1-260323-ba-1400,,,,,,,,,0,67177,Autobuss 43,2026-04-01T13:56:16+03:00,2026-04-01T13:56:21+03:00
trip_update_AUTO43-02-1-260323-ab-1400,AUTO43-02-1-260323-ab-1400,,,,,,,,,0,68346,Autobuss 43,2026-04-01T13:56:16+03:00,2026-04-01T13:56:21+03:00
trip_update_AUTO44-01-1-260323-ba-1400,AUTO44-01-1-260323-ba-1400,,,,,,,,,0,71007,Autobuss 44,2026-04-01T13:56:15+03:00,2026-04-01T13:56:21+03:00
trip_update_AUTO44-03-1-260323-ba-1310,AUTO44-03-1-260323-ba-1310,,,,,,,,,0,71040,Autobuss 44,2026-04-01T13:56:14+03:00,2026-04-01T13:56:21+03:00
trip_update_AUTO44-05-1-260323-ab-1410,AUTO44-05-1-260323-ab-1410,,,,,,,,,0,71095,Autobuss 44,2026-04-01T13:56:15+03:00,2026-04-01T13:56:21+03:00
trip_update_AUTO44-07-1-260323-ba-1440,AUTO44-07-1-260323-ba-1440,,,,,,,,,0,71105,Autobuss 44,2026-04-01T13:56:17+03:00,2026-04-01T13:56:21+03:00
trip_update_AUTO46-01-1-260323-ab-1400,AUTO46-01-1-260323-ab-1400,,,,,,,,,0,68335,Autobuss 46,2026-04-01T13:56:16+03:00,2026-04-01T13:56:21+03:00
trip_update_AUTO46-03-1-260323-ab-1450,AUTO46-03-1-260323-ab-1450,,,,,,,,,0,68313,Autobuss 46,2026-04-01T13:56:13+03:00,2026-04-01T13:56:21+03:00
trip_update_AUTO46-03-1-260323-ba-1340,AUTO46-03-1-260323-ba-1340,,,,,,,,,0,68313,Autobuss 46,2026-04-01T13:56:13+03:00,2026-04-01T13:56:21+03:00
trip_update_AUTO46-04-1-260323-ab-1310,AUTO46-04-1-260323-ab-1310,,,,,,,,,0,68444,Autobuss 46,2026-04-01T13:56:14+03:00,2026-04-01T13:56:21+03:00
trip_update_AUTO46-04-1-260323-ba-1420,AUTO46-04-1-260323-ba-1420,,,,,,,,,0,68444,Autobuss 46,2026-04-01T13:56:14+03:00,2026-04-01T13:56:21+03:00
trip_update_AUTO47-01-1-260207-ba-1340,AUTO47-01-1-260207-ba-1340,riga_bus_47,47,Purvciems - Getliņi,,,1.0,Purvciems,riga_bus_47_b-a,0,77599,Autobuss 47,2026-04-01T13:56:01+03:00,2026-04-01T13:56:21+03:00
trip_update_AUTO47-03-1-260207-ab-1350,AUTO47-03-1-260207-ab-1350,riga_bus_47,47,Purvciems - Getliņi,,,0.0,Getliņi,riga_bus_47_a-b,0,74624,Autobuss 47,2026-04-01T13:56:16+03:00,2026-04-01T13:56:21+03:00
trip_update_AUTO47-03-1-260207-ba-1420,AUTO47-03-1-260207-ba-1420,riga_bus_47,47,Purvciems - Getliņi,,,1.0,Purvciems,riga_bus_47_b-a,0,74624,Autobuss 47,2026-04-01T13:56:16+03:00,2026-04-01T13:56:21+03:00
trip_update_AUTO48-02-1-260323-ba-1400,AUTO48-02-1-260323-ba-1400,,,,,,,,,0,78474,Autobuss 48,2026-04-01T13:56:16+03:00,2026-04-01T13:56:21+03:00
trip_update_AUTO48-04-1-260323-ab-1340,AUTO48-04-1-260323-ab-1340,,,,,,,,,0,78452,Autobuss 48,2026-04-01T13:56:13+03:00,2026-04-01T13:56:21+03:00
trip_update_AUTO48-04-1-260323-ba-1440,AUTO48-04-1-260323-ba-1440,,,,,,,,,0,78452,Autobuss 48,2026-04-01T13:56:13+03:00,2026-04-01T13:56:21+03:00
trip_update_AUTO48-06-1-260323-ab-1430,AUTO48-06-1-260323-ab-1430,,,,,,,,,0,78049,Autobuss 48,2026-04-01T13:56:03+03:00,2026-04-01T13:56:21+03:00
trip_update_AUTO48-06-1-260323-ba-1320,AUTO48-06-1-260323-ba-1320,,,,,,,,,0,78049,Autobuss 48,2026-04-01T13:56:03+03:00,2026-04-01T13:56:21+03:00
trip_update_AUTO49-03-1-260323-ab-1300,AUTO49-03-1-260323-ab-1300,,,,,,,,,0,78964,Autobuss 49,2026-04-01T13:56:15+03:00,2026-04-01T13:56:21+03:00
trip_update_AUTO49-03-1-260323-ba-1410,AUTO49-03-1-260323-ba-1410,,,,,,,,,0,78964,Autobuss 49,2026-04-01T13:56:15+03:00,2026-04-01T13:56:21+03:00
trip_update_AUTO49-05-1-260323-ab-1340,AUTO49-05-1-260323-ab-1340,,,,,,,,,0,79142,Autobuss 49,2026-04-01T13:56:17+03:00,2026-04-01T13:56:21+03:00
trip_update_AUTO49-05-1-260323-ba-1450,AUTO49-05-1-260323-ba-1450,,,,,,,,,0,79142,Autobuss 49,2026-04-01T13:56:17+03:00,2026-04-01T13:56:21+03:00
trip_update_AUTO49-07-1-260323-ab-1410,AUTO49-07-1-260323-ab-1410,,,,,,,,,0,69145,Autobuss 49,2026-04-01T13:56:16+03:00,2026-04-01T13:56:21+03:00
trip_update_AUTO49-09-1-260323-ab-1450,AUTO49-09-1-260323-ab-1450,,,,,,,,,0,75750,Autobuss 49,2026-04-01T13:56:12+03:00,2026-04-01T13:56:21+03:00
trip_update_AUTO49-09-1-260323-ba-1330,AUTO49-09-1-260323-ba-1330,,,,,,,,,0,75750,Autobuss 49,2026-04-01T13:56:12+03:00,2026-04-01T13:56:21+03:00
trip_update_AUTO50-01-1-260323-ab-1420,AUTO50-01-1-260323-ab-1420,,,,,,,,,0,78430,Autobuss 50,2026-04-01T13:56:14+03:00,2026-04-01T13:56:21+03:00
trip_update_AUTO50-01-1-260323-ba-1320,AUTO50-01-1-260323-ba-1320,,,,,,,,,0,78430,Autobuss 50,2026-04-01T13:56:14+03:00,2026-04-01T13:56:21+03:00
trip_update_AUTO50-03-1-260323-ba-1400,AUTO50-03-1-260323-ba-1400,,,,,,,,,0,75598,Autobuss 50,2026-04-01T13:56:18+03:00,2026-04-01T13:56:21+03:00
trip_update_AUTO50-05-1-260323-ab-1340,AUTO50-05-1-260323-ab-1340,,,,,,,,,0,78790,Autobuss 50,2026-04-01T13:56:15+03:00,2026-04-01T13:56:21+03:00
trip_update_AUTO50-05-1-260323-ba-1450,AUTO50-05-1-260323-ba-1450,,,,,,,,,0,78790,Autobuss 50,2026-04-01T13:56:15+03:00,2026-04-01T13:56:21+03:00
trip_update_AUTO51-01-1-260323-ab-1440,AUTO51-01-1-260323-ab-1440,,,,,,,,,0,79284,Autobuss 51,2026-04-01T13:55:52+03:00,2026-04-01T13:56:21+03:00
trip_update_AUTO51-01-1-260323-ba-1350,AUTO51-01-1-260323-ba-1350,,,,,,,,,0,79284,Autobuss 51,2026-04-01T13:55:52+03:00,2026-04-01T13:56:21+03:00
trip_update_AUTO51-03-1-260323-ab-1330,AUTO51-03-1-260323-ab-1330,,,,,,,,,0,79231,Autobuss 51,2026-04-01T13:53:40+03:00,2026-04-01T13:56:21+03:00
trip_update_AUTO51-03-1-260323-ba-1410,AUTO51-03-1-260323-ba-1410,,,,,,,,,0,79231,Autobuss 51,2026-04-01T13:53:40+03:00,2026-04-01T13:56:21+03:00
trip_update_AUTO51-04-1-260323-ab-1350,AUTO51-04-1-260323-ab-1350,,,,,,,,,0,79197,Autobuss 51,2026-04-01T13:56:15+03:00,2026-04-01T13:56:21+03:00
trip_update_AUTO51-04-1-260323-ba-1440,AUTO51-04-1-260323-ba-1440,,,,,,,,,0,79197,Autobuss 51,2026-04-01T13:56:15+03:00,2026-04-01T13:56:21+03:00
trip_update_AUTO51-06-1-260323-ab-1420,AUTO51-06-1-260323-ab-1420,,,,,,,,,0,78147,Autobuss 51,2026-04-01T13:56:14+03:00,2026-04-01T13:56:21+03:00
trip_update_AUTO51-06-1-260323-ba-1320,AUTO51-06-1-260323-ba-1320,,,,,,,,,0,78147,Autobuss 51,2026-04-01T13:56:14+03:00,2026-04-01T13:56:21+03:00
trip_update_AUTO52-02-1-260323-ab-1430,AUTO52-02-1-260323-ab-1430,,,,,,,,,0,78528,Autobuss 52,2026-04-01T13:56:17+03:00,2026-04-01T13:56:21+03:00
trip_update_AUTO52-02-1-260323-ba-1340,AUTO52-02-1-260323-ba-1340,,,,,,,,,0,78528,Autobuss 52,2026-04-01T13:56:17+03:00,2026-04-01T13:56:21+03:00
trip_update_AUTO52-03-1-260323-ab-1450,AUTO52-03-1-260323-ab-1450,,,,,,,,,0,79262,Autobuss 52,2026-04-01T13:56:16+03:00,2026-04-01T13:56:21+03:00
trip_update_AUTO52-03-1-260323-ba-1400,AUTO52-03-1-260323-ba-1400,,,,,,,,,0,79262,Autobuss 52,2026-04-01T13:56:16+03:00,2026-04-01T13:56:21+03:00
trip_update_AUTO52-05-1-260323-ab-1340,AUTO52-05-1-260323-ab-1340,,,,,,,,,0,79120,Autobuss 52,2026-04-01T13:56:17+03:00,2026-04-01T13:56:21+03:00
trip_update_AUTO52-05-1-260323-ba-1430,AUTO52-05-1-260323-ba-1430,,,,,,,,,0,79120,Autobuss 52,2026-04-01T13:56:17+03:00,2026-04-01T13:56:21+03:00
trip_update_AUTO52-07-1-260323-ab-1410,AUTO52-07-1-260323-ab-1410,,,,,,,,,0,78909,Autobuss 52,2026-04-01T13:56:17+03:00,2026-04-01T13:56:21+03:00
trip_update_AUTO52-07-1-260323-ba-1450,AUTO52-07-1-260323-ba-1450,,,,,,,,,0,78909,Autobuss 52,2026-04-01T13:56:17+03:00,2026-04-01T13:56:21+03:00
trip_update_AUTO53-01-1-260126-ab-1410,AUTO53-01-1-260126-ab-1410,riga_bus_53,53,Esplanāde - Zolitūde,,,0.0,Zolitūde,riga_bus_53_a-b,0,69722,Autobuss 53,2026-04-01T13:56:17+03:00,2026-04-01T13:56:21+03:00
trip_update_AUTO53-01-1-260126-ba-1330,AUTO53-01-1-260126-ba-1330,riga_bus_53,53,Esplanāde - Zolitūde,,,1.0,Esplanāde,riga_bus_53_b-a,0,69722,Autobuss 53,2026-04-01T13:56:17+03:00,2026-04-01T13:56:21+03:00
trip_update_AUTO53-01-1-260126-ba-1450,AUTO53-01-1-260126-ba-1450,riga_bus_53,53,Esplanāde - Zolitūde,,,1.0,Esplanāde,riga_bus_53_b-a,0,69722,Autobuss 53,2026-04-01T13:56:17+03:00,2026-04-01T13:56:21+03:00
trip_update_AUTO53-03-1-260126-ab-1430,AUTO53-03-1-260126-ab-1430,riga_bus_53,53,Esplanāde - Zolitūde,,,0.0,Zolitūde,riga_bus_53_a-b,0,69681,Autobuss 53,2026-04-01T13:56:16+03:00,2026-04-01T13:56:21+03:00
trip_update_AUTO53-03-1-260126-ba-1350,AUTO53-03-1-260126-ba-1350,riga_bus_53,53,Esplanāde - Zolitūde,,,1.0,Esplanāde,riga_bus_53_b-a,0,69681,Autobuss 53,2026-04-01T13:56:16+03:00,2026-04-01T13:56:21+03:00
trip_update_AUTO53-04-1-260126-ab-1330,AUTO53-04-1-260126-ab-1330,riga_bus_53,53,Esplanāde - Zolitūde,,,0.0,Zolitūde,riga_bus_53_a-b,0,69494,Autobuss 53,2026-04-01T13:56:17+03:00,2026-04-01T13:56:21+03:00
trip_update_AUTO53-04-1-260126-ab-1450,AUTO53-04-1-260126-ab-1450,riga_bus_53,53,Esplanāde - Zolitūde,,,0.0,Zolitūde,riga_bus_53_a-b,0,69494,Autobuss 53,2026-04-01T13:56:17+03:00,2026-04-01T13:56:21+03:00
trip_update_AUTO53-04-1-260126-ba-1410,AUTO53-04-1-260126-ba-1410,riga_bus_53,53,Esplanāde - Zolitūde,,,1.0,Esplanāde,riga_bus_53_b-a,0,69494,Autobuss 53,2026-04-01T13:56:17+03:00,2026-04-01T13:56:21+03:00
trip_update_AUTO53-06-1-260126-ab-1350,AUTO53-06-1-260126-ab-1350,riga_bus_53,53,Esplanāde - Zolitūde,,,0.0,Zolitūde,riga_bus_53_a-b,0,69439,Autobuss 53,2026-04-01T13:56:17+03:00,2026-04-01T13:56:21+03:00
trip_update_AUTO53-06-1-260126-ba-1430,AUTO53-06-1-260126-ba-1430,riga_bus_53,53,Esplanāde - Zolitūde,,,1.0,Esplanāde,riga_bus_53_b-a,0,69439,Autobuss 53,2026-04-01T13:56:17+03:00,2026-04-01T13:56:21+03:00
trip_update_AUTO54-03-1-260323-ab-1420,AUTO54-03-1-260323-ab-1420,,,,,,,,,0,61468,Autobuss 54,2026-04-01T13:56:14+03:00,2026-04-01T13:56:21+03:00
trip_update_AUTO54-03-1-260323-ba-1400,AUTO54-03-1-260323-ba-1400,,,,,,,,,0,61468,Autobuss 54,2026-04-01T13:56:14+03:00,2026-04-01T13:56:21+03:00
trip_update_AUTO54-03-1-260323-ba-1450,AUTO54-03-1-260323-ba-1450,,,,,,,,,0,61468,Autobuss 54,2026-04-01T13:56:14+03:00,2026-04-01T13:56:21+03:00
trip_update_AUTO55-01-1-260323-ab-1320,AUTO55-01-1-260323-ab-1320,,,,,,,,,0,78082,Autobuss 55,2026-04-01T13:56:02+03:00,2026-04-01T13:56:21+03:00
trip_update_AUTO55-01-1-260323-ba-1420,AUTO55-01-1-260323-ba-1420,,,,,,,,,0,78082,Autobuss 55,2026-04-01T13:56:02+03:00,2026-04-01T13:56:21+03:00
trip_update_AUTO55-02-1-260323-ab-1420,AUTO55-02-1-260323-ab-1420,,,,,,,,,0,79153,Autobuss 55,2026-04-01T13:56:14+03:00,2026-04-01T13:56:21+03:00
trip_update_AUTO55-02-1-260323-ba-1320,AUTO55-02-1-260323-ba-1320,,,,,,,,,0,79153,Autobuss 55,2026-04-01T13:56:14+03:00,2026-04-01T13:56:21+03:00
trip_update_AUTO56-01-1-260129-acb-1300,AUTO56-01-1-260129-acb-1300,riga_bus_56,56,Daugavgrīva - Ziepniekkalns,,,0.0,Ziepniekkalns,riga_bus_56_a-c-b,0,67013,Autobuss 56,2026-04-01T13:56:18+03:00,2026-04-01T13:56:21+03:00
trip_update_AUTO56-01-1-260129-bca-1430,AUTO56-01-1-260129-bca-1430,riga_bus_56,56,Daugavgrīva - Ziepniekkalns,,,1.0,Daugavgrīva,riga_bus_56_b-c-a,0,67013,Autobuss 56,2026-04-01T13:56:18+03:00,2026-04-01T13:56:21+03:00
trip_update_AUTO56-02-1-260129-acb-1410,AUTO56-02-1-260129-acb-1410,riga_bus_56,56,Daugavgrīva - Ziepniekkalns,,,0.0,Ziepniekkalns,riga_bus_56_a-c-b,0,67133,Autobuss 56,2026-04-01T13:56:13+03:00,2026-04-01T13:56:21+03:00
trip_update_AUTO56-02-1-260129-bca-1230,AUTO56-02-1-260129-bca-1230,riga_bus_56,56,Daugavgrīva - Ziepniekkalns,,,1.0,Daugavgrīva,riga_bus_56_b-c-a,0,67133,Autobuss 56,2026-04-01T13:56:13+03:00,2026-04-01T13:56:21+03:00
trip_update_AUTO56-03-1-260129-bca-1330,AUTO56-03-1-260129-bca-1330,riga_bus_56,56,Daugavgrīva - Ziepniekkalns,,,1.0,Daugavgrīva,riga_bus_56_b-c-a,0,67144,Autobuss 56,2026-04-01T13:56:17+03:00,2026-04-01T13:56:21+03:00
trip_update_AUTO58-01-1-260323-ab-1430,AUTO58-01-1-260323-ab-1430,,,,,,,,,0,79338,Autobuss 58,2026-04-01T13:56:14+03:00,2026-04-01T13:56:21+03:00
trip_update_AUTO58-01-1-260323-ba-1350,AUTO58-01-1-260323-ba-1350,,,,,,,,,0,79338,Autobuss 58,2026-04-01T13:56:14+03:00,2026-04-01T13:56:21+03:00
trip_update_AUTO58-02-1-260323-ab-1330,AUTO58-02-1-260323-ab-1330,,,,,,,,,0,78781,Autobuss 58,2026-04-01T13:56:18+03:00,2026-04-01T13:56:21+03:00
trip_update_AUTO58-02-1-260323-ba-1420,AUTO58-02-1-260323-ba-1420,,,,,,,,,0,78781,Autobuss 58,2026-04-01T13:56:18+03:00,2026-04-01T13:56:21+03:00
trip_update_AUTO58-03-1-260323-ab-1400,AUTO58-03-1-260323-ab-1400,,,,,,,,,0,78975,Autobuss 58,2026-04-01T13:56:15+03:00,2026-04-01T13:56:21+03:00
trip_update_AUTO58-03-1-260323-ba-1320,AUTO58-03-1-260323-ba-1320,,,,,,,,,0,78975,Autobuss 58,2026-04-01T13:56:15+03:00,2026-04-01T13:56:21+03:00
trip_update_AUTO58-03-1-260323-ba-1450,AUTO58-03-1-260323-ba-1450,,,,,,,,,0,78975,Autobuss 58,2026-04-01T13:56:15+03:00,2026-04-01T13:56:21+03:00
trip_update_AUTO6-01-1-260323-ab-1410,AUTO6-01-1-260323-ab-1410,,,,,,,,,0,79077,Autobuss 6,2026-04-01T13:56:18+03:00,2026-04-01T13:56:21+03:00
trip_update_AUTO6-02-1-260323-ab-1440,AUTO6-02-1-260323-ab-1440,,,,,,,,,0,79131,Autobuss 6,2026-04-01T13:56:02+03:00,2026-04-01T13:56:21+03:00
trip_update_AUTO6-02-1-260323-ba-1330,AUTO6-02-1-260323-ba-1330,,,,,,,,,0,79131,Autobuss 6,2026-04-01T13:56:02+03:00,2026-04-01T13:56:21+03:00
trip_update_AUTO6-03-1-260323-ab-1310,AUTO6-03-1-260323-ab-1310,,,,,,,,,0,74766,Autobuss 6,2026-04-01T13:56:13+03:00,2026-04-01T13:56:21+03:00
trip_update_AUTO6-03-1-260323-ba-1400,AUTO6-03-1-260323-ba-1400,,,,,,,,,0,74766,Autobuss 6,2026-04-01T13:56:13+03:00,2026-04-01T13:56:21+03:00
trip_update_AUTO6-04-1-260323-ab-1350,AUTO6-04-1-260323-ab-1350,,,,,,,,,0,74722,Autobuss 6,2026-04-01T13:56:18+03:00,2026-04-01T13:56:21+03:00
trip_update_AUTO6-04-1-260323-ba-1430,AUTO6-04-1-260323-ba-1430,,,,,,,,,0,74722,Autobuss 6,2026-04-01T13:56:18+03:00,2026-04-01T13:56:21+03:00
trip_update_AUTO60-01-1-241021-ab-1410,AUTO60-01-1-241021-ab-1410,riga_bus_60,60,Ķengarags - Ziepniekkalns,,,0.0,Ziepniekkalns,riga_bus_60_a-b,0,77642,Autobuss 60,2026-04-01T13:56:16+03:00,2026-04-01T13:56:21+03:00
trip_update_AUTO60-01-1-241021-ba-1340,AUTO60-01-1-241021-ba-1340,riga_bus_60,60,Ķengarags - Ziepniekkalns,,,1.0,Ķengarags,riga_bus_60_b-a,0,77642,Autobuss 60,2026-04-01T13:56:16+03:00,2026-04-01T13:56:21+03:00
trip_update_AUTO60-01-1-241021-ba-1440,AUTO60-01-1-241021-ba-1440,riga_bus_60,60,Ķengarags - Ziepniekkalns,,,1.0,Ķengarags,riga_bus_60_b-a,0,77642,Autobuss 60,2026-04-01T13:56:16+03:00,2026-04-01T13:56:21+03:00
trip_update_AUTO60-02-1-241021-ab-1340,AUTO60-02-1-241021-ab-1340,riga_bus_60,60,Ķengarags - Ziepniekkalns,,,0.0,Ziepniekkalns,riga_bus_60_a-b,0,77511,Autobuss 60,2026-04-01T13:56:16+03:00,2026-04-01T13:56:21+03:00
trip_update_AUTO60-02-1-241021-ab-1440,AUTO60-02-1-241021-ab-1440,riga_bus_60,60,Ķengarags - Ziepniekkalns,,,0.0,Ziepniekkalns,riga_bus_60_a-b,0,77511,Autobuss 60,2026-04-01T13:56:16+03:00,2026-04-01T13:56:21+03:00
trip_update_AUTO60-02-1-241021-ba-1410,AUTO60-02-1-241021-ba-1410,riga_bus_60,60,Ķengarags - Ziepniekkalns,,,1.0,Ķengarags,riga_bus_60_b-a,0,77511,Autobuss 60,2026-04-01T13:56:16+03:00,2026-04-01T13:56:21+03:00
trip_update_AUTO63-03-1-260323-ab-1440,AUTO63-03-1-260323-ab-1440,,,,,,,,,0,77631,Autobuss 63,2026-04-01T13:56:13+03:00,2026-04-01T13:56:21+03:00
trip_update_AUTO7-01-1-260323-ab-1410,AUTO7-01-1-260323-ab-1410,,,,,,,,,0,68248,Autobuss 7,2026-04-01T13:56:13+03:00,2026-04-01T13:56:21+03:00
trip_update_AUTO7-01-1-260323-ba-1330,AUTO7-01-1-260323-ba-1330,,,,,,,,,0,68248,Autobuss 7,2026-04-01T13:56:13+03:00,2026-04-01T13:56:21+03:00
trip_update_AUTO7-01-1-260323-ba-1450,AUTO7-01-1-260323-ba-1450,,,,,,,,,0,68248,Autobuss 7,2026-04-01T13:56:13+03:00,2026-04-01T13:56:21+03:00
trip_update_AUTO7-02-1-260323-ab-1330,AUTO7-02-1-260323-ab-1330,,,,,,,,,0,68814,Autobuss 7,2026-04-01T13:56:14+03:00,2026-04-01T13:56:21+03:00
trip_update_AUTO7-02-1-260323-ab-1450,AUTO7-02-1-260323-ab-1450,,,,,,,,,0,68814,Autobuss 7,2026-04-01T13:56:14+03:00,2026-04-01T13:56:21+03:00
trip_update_AUTO7-02-1-260323-ba-1410,AUTO7-02-1-260323-ba-1410,,,,,,,,,0,68814,Autobuss 7,2026-04-01T13:56:14+03:00,2026-04-01T13:56:21+03:00
trip_update_AUTO8-01-1-260323-ab-1430,AUTO8-01-1-260323-ab-1430,,,,,,,,,0,69243,Autobuss 8,2026-04-01T13:56:17+03:00,2026-04-01T13:56:21+03:00
trip_update_AUTO8-01-1-260323-ba-1340,AUTO8-01-1-260323-ba-1340,,,,,,,,,0,69243,Autobuss 8,2026-04-01T13:56:17+03:00,2026-04-01T13:56:21+03:00
trip_update_AUTO8-02-1-260323-ab-1450,AUTO8-02-1-260323-ab-1450,,,,,,,,,0,65263,Autobuss 8,2026-04-01T13:56:17+03:00,2026-04-01T13:56:21+03:00
trip_update_AUTO8-02-1-260323-ba-1420,AUTO8-02-1-260323-ba-1420,,,,,,,,,0,65263,Autobuss 8,2026-04-01T13:56:17+03:00,2026-04-01T13:56:21+03:00
trip_update_AUTO8-03-1-260323-ab-1400,AUTO8-03-1-260323-ab-1400,,,,,,,,,0,68390,Autobuss 8,2026-04-01T13:56:14+03:00,2026-04-01T13:56:21+03:00
trip_update_AUTO8-03-1-260323-ba-1320,AUTO8-03-1-260323-ba-1320,,,,,,,,,0,68390,Autobuss 8,2026-04-01T13:56:14+03:00,2026-04-01T13:56:21+03:00
trip_update_AUTO8-03-1-260323-ba-1440,AUTO8-03-1-260323-ba-1440,,,,,,,,,0,68390,Autobuss 8,2026-04-01T13:56:14+03:00,2026-04-01T13:56:21+03:00
trip_update_AUTO9-02-1-260323-ba-1340,AUTO9-02-1-260323-ba-1340,,,,,,,,,0,71236,Autobuss 9,2026-04-01T13:56:19+03:00,2026-04-01T13:56:21+03:00
trip_update_AUTO9-03-1-260323-ab-1330,AUTO9-03-1-260323-ab-1330,,,,,,,,,0,77533,Autobuss 9,2026-04-01T13:56:14+03:00,2026-04-01T13:56:21+03:00
trip_update_AUTO9-03-1-260323-ba-1410,AUTO9-03-1-260323-ba-1410,,,,,,,,,0,77533,Autobuss 9,2026-04-01T13:56:14+03:00,2026-04-01T13:56:21+03:00
trip_update_AUTO9-04-1-260323-ab-1410,AUTO9-04-1-260323-ab-1410,,,,,,,,,0,71193,Autobuss 9,2026-04-01T13:56:17+03:00,2026-04-01T13:56:21+03:00
trip_update_AUTO9-04-1-260323-ba-1450,AUTO9-04-1-260323-ba-1450,,,,,,,,,0,71193,Autobuss 9,2026-04-01T13:56:17+03:00,2026-04-01T13:56:21+03:00
trip_update_TRAM1-01-1-250901-ab-1400,TRAM1-01-1-250901-ab-1400,riga_tram_1,1,Imanta - Jugla,,,0.0,Jugla,riga_tram_1_a-b,0,57201,Tramvajs 1,2026-04-01T13:56:15+03:00,2026-04-01T13:56:21+03:00
trip_update_TRAM1-03-1-250901-ab-1410,TRAM1-03-1-250901-ab-1410,riga_tram_1,1,Imanta - Jugla,,,0.0,Jugla,riga_tram_1_a-b,0,30571,Tramvajs 1,2026-04-01T13:56:15+03:00,2026-04-01T13:56:21+03:00
trip_update_TRAM1-03-1-250901-ba-1300,TRAM1-03-1-250901-ba-1300,riga_tram_1,1,Imanta - Jugla,,,1.0,Imanta,riga_tram_1_b-a,0,30571,Tramvajs 1,2026-04-01T13:56:15+03:00,2026-04-01T13:56:21+03:00
trip_update_TRAM1-05-1-250901-ab-1420,TRAM1-05-1-250901-ab-1420,riga_tram_1,1,Imanta - Jugla,,,0.0,Jugla,riga_tram_1_a-b,0,58501,Tramvajs 1,2026-04-01T13:56:08+03:00,2026-04-01T13:56:21+03:00
trip_update_TRAM1-05-1-250901-ba-1310,TRAM1-05-1-250901-ba-1310,riga_tram_1,1,Imanta - Jugla,,,1.0,Imanta,riga_tram_1_b-a,0,58501,Tramvajs 1,2026-04-01T13:56:08+03:00,2026-04-01T13:56:21+03:00
trip_update_TRAM1-07-1-250901-ab-1430,TRAM1-07-1-250901-ab-1430,riga_tram_1,1,Imanta - Jugla,,,0.0,Jugla,riga_tram_1_a-b,0,57136,Tramvajs 1,2026-04-01T13:56:17+03:00,2026-04-01T13:56:21+03:00
trip_update_TRAM1-07-1-250901-ba-1320,TRAM1-07-1-250901-ba-1320,riga_tram_1,1,Imanta - Jugla,,,1.0,Imanta,riga_tram_1_b-a,0,57136,Tramvajs 1,2026-04-01T13:56:17+03:00,2026-04-01T13:56:21+03:00
trip_update_TRAM1-09-1-250901-ab-1440,TRAM1-09-1-250901-ab-1440,riga_tram_1,1,Imanta - Jugla,,,0.0,Jugla,riga_tram_1_a-b,0,57180,Tramvajs 1,2026-04-01T13:56:16+03:00,2026-04-01T13:56:21+03:00
trip_update_TRAM1-09-1-250901-ba-1330,TRAM1-09-1-250901-ba-1330,riga_tram_1,1,Imanta - Jugla,,,1.0,Imanta,riga_tram_1_b-a,0,57180,Tramvajs 1,2026-04-01T13:56:16+03:00,2026-04-01T13:56:21+03:00
trip_update_TRAM1-11-1-250901-ab-1450,TRAM1-11-1-250901-ab-1450,riga_tram_1,1,Imanta - Jugla,,,0.0,Jugla,riga_tram_1_a-b,0,32091,Tramvajs 1,2026-04-01T13:51:54+03:00,2026-04-01T13:56:21+03:00
trip_update_TRAM1-11-1-250901-ba-1340,TRAM1-11-1-250901-ba-1340,riga_tram_1,1,Imanta - Jugla,,,1.0,Imanta,riga_tram_1_b-a,0,32091,Tramvajs 1,2026-04-01T13:51:54+03:00,2026-04-01T13:56:21+03:00
trip_update_TRAM1-13-1-250901-ba-1350,TRAM1-13-1-250901-ba-1350,riga_tram_1,1,Imanta - Jugla,,,1.0,Imanta,riga_tram_1_b-a,0,58545,Tramvajs 1,2026-04-01T13:56:13+03:00,2026-04-01T13:56:21+03:00
trip_update_TRAM1-14-1-250901-ba-1400,TRAM1-14-1-250901-ba-1400,riga_tram_1,1,Imanta - Jugla,,,1.0,Imanta,riga_tram_1_b-a,0,30144,Tramvajs 1,2026-04-01T13:56:14+03:00,2026-04-01T13:56:21+03:00
trip_update_TRAM1-16-1-250901-ab-1300,TRAM1-16-1-250901-ab-1300,riga_tram_1,1,Imanta - Jugla,,,0.0,Jugla,riga_tram_1_a-b,0,35294,Tramvajs 1,2026-04-01T13:56:14+03:00,2026-04-01T13:56:21+03:00
trip_update_TRAM1-16-1-250901-ba-1410,TRAM1-16-1-250901-ba-1410,riga_tram_1,1,Imanta - Jugla,,,1.0,Imanta,riga_tram_1_b-a,0,35294,Tramvajs 1,2026-04-01T13:56:14+03:00,2026-04-01T13:56:21+03:00
trip_update_TRAM1-18-1-250901-ab-1310,TRAM1-18-1-250901-ab-1310,riga_tram_1,1,Imanta - Jugla,,,0.0,Jugla,riga_tram_1_a-b,0,58523,Tramvajs 1,2026-04-01T13:56:18+03:00,2026-04-01T13:56:21+03:00
trip_update_TRAM1-18-1-250901-ba-1420,TRAM1-18-1-250901-ba-1420,riga_tram_1,1,Imanta - Jugla,,,1.0,Imanta,riga_tram_1_b-a,0,58523,Tramvajs 1,2026-04-01T13:56:18+03:00,2026-04-01T13:56:21+03:00
trip_update_TRAM1-20-1-250901-ab-1320,TRAM1-20-1-250901-ab-1320,riga_tram_1,1,Imanta - Jugla,,,0.0,Jugla,riga_tram_1_a-b,0,57093,Tramvajs 1,2026-04-01T13:56:15+03:00,2026-04-01T13:56:21+03:00
trip_update_TRAM1-20-1-250901-ba-1430,TRAM1-20-1-250901-ba-1430,riga_tram_1,1,Imanta - Jugla,,,1.0,Imanta,riga_tram_1_b-a,0,57093,Tramvajs 1,2026-04-01T13:56:15+03:00,2026-04-01T13:56:21+03:00
trip_update_TRAM1-24-1-250901-ab-1340,TRAM1-24-1-250901-ab-1340,riga_tram_1,1,Imanta - Jugla,,,0.0,Jugla,riga_tram_1_a-b,0,58022,Tramvajs 1,2026-04-01T13:56:15+03:00,2026-04-01T13:56:21+03:00
trip_update_TRAM1-24-1-250901-ba-1450,TRAM1-24-1-250901-ba-1450,riga_tram_1,1,Imanta - Jugla,,,1.0,Imanta,riga_tram_1_b-a,0,58022,Tramvajs 1,2026-04-01T13:56:15+03:00,2026-04-01T13:56:21+03:00
trip_update_TRAM1-26-1-250901-ab-1350,TRAM1-26-1-250901-ab-1350,riga_tram_1,1,Imanta - Jugla,,,0.0,Jugla,riga_tram_1_a-b,0,32036,Tramvajs 1,2026-04-01T13:56:18+03:00,2026-04-01T13:56:21+03:00
trip_update_TRAM10-01-1-250810-ab-1410,TRAM10-01-1-250810-ab-1410,riga_tram_10,10,Centrāltirgus - Bišumuiža,,,0.0,Bišumuiža,riga_tram_10_a-b,0,30645,Tramvajs 10,2026-04-01T13:56:13+03:00,2026-04-01T13:56:21+03:00
trip_update_TRAM10-01-1-250810-ba-1340,TRAM10-01-1-250810-ba-1340,riga_tram_10,10,Centrāltirgus - Bišumuiža,,,1.0,Centrāltirgus,riga_tram_10_b-a,0,30645,Tramvajs 10,2026-04-01T13:56:13+03:00,2026-04-01T13:56:21+03:00
trip_update_TRAM10-01-1-250810-ba-1500,TRAM10-01-1-250810-ba-1500,riga_tram_10,10,Centrāltirgus - Bišumuiža,,,1.0,Centrāltirgus,riga_tram_10_b-a,0,30645,Tramvajs 10,2026-04-01T13:56:13+03:00,2026-04-01T13:56:21+03:00
trip_update_TRAM10-02-1-250810-ab-1440,TRAM10-02-1-250810-ab-1440,riga_tram_10,10,Centrāltirgus - Bišumuiža,,,0.0,Bišumuiža,riga_tram_10_a-b,0,30536,Tramvajs 10,2026-04-01T13:56:15+03:00,2026-04-01T13:56:21+03:00
trip_update_TRAM10-02-1-250810-ba-1410,TRAM10-02-1-250810-ba-1410,riga_tram_10,10,Centrāltirgus - Bišumuiža,,,1.0,Centrāltirgus,riga_tram_10_b-a,0,30536,Tramvajs 10,2026-04-01T13:56:15+03:00,2026-04-01T13:56:21+03:00
trip_update_TRAM10-03-1-250810-ab-1350,TRAM10-03-1-250810-ab-1350,riga_tram_10,10,Centrāltirgus - Bišumuiža,,,0.0,Bišumuiža,riga_tram_10_a-b,0,30830,Tramvajs 10,2026-04-01T13:56:16+03:00,2026-04-01T13:56:21+03:00
trip_update_TRAM10-03-1-250810-ba-1430,TRAM10-03-1-250810-ba-1430,riga_tram_10,10,Centrāltirgus - Bišumuiža,,,1.0,Centrāltirgus,riga_tram_10_b-a,0,30830,Tramvajs 10,2026-04-01T13:56:16+03:00,2026-04-01T13:56:21+03:00
trip_update_TRAM11-01-1-251208-ab-1320,TRAM11-01-1-251208-ab-1320,riga_tram_11,11,Ausekļa iela - Mežaparks,,,0.0,Mežaparks,riga_tram_11_a-b,0,57125,Tramvajs 11,2026-04-01T13:56:16+03:00,2026-04-01T13:56:21+03:00
trip_update_TRAM11-01-1-251208-ab-1450,TRAM11-01-1-251208-ab-1450,riga_tram_11,11,Ausekļa iela - Mežaparks,,,0.0,Mežaparks,riga_tram_11_a-b,0,57125,Tramvajs 11,2026-04-01T13:56:16+03:00,2026-04-01T13:56:21+03:00
trip_update_TRAM11-01-1-251208-ba-1420,TRAM11-01-1-251208-ba-1420,riga_tram_11,11,Ausekļa iela - Mežaparks,,,1.0,Ausekļa iela,riga_tram_11_b-a,0,57125,Tramvajs 11,2026-04-01T13:56:16+03:00,2026-04-01T13:56:21+03:00
trip_update_TRAM11-02-1-251208-ab-1340,TRAM11-02-1-251208-ab-1340,riga_tram_11,11,Ausekļa iela - Mežaparks,,,0.0,Mežaparks,riga_tram_11_a-b,0,30024,Tramvajs 11,2026-04-01T13:56:16+03:00,2026-04-01T13:56:21+03:00
trip_update_TRAM11-02-1-251208-ba-1430,TRAM11-02-1-251208-ba-1430,riga_tram_11,11,Ausekļa iela - Mežaparks,,,1.0,Ausekļa iela,riga_tram_11_b-a,0,30024,Tramvajs 11,2026-04-01T13:56:16+03:00,2026-04-01T13:56:21+03:00
trip_update_TRAM11-03-1-251208-ab-1350,TRAM11-03-1-251208-ab-1350,riga_tram_11,11,Ausekļa iela - Mežaparks,,,0.0,Mežaparks,riga_tram_11_a-b,0,57171,Tramvajs 11,2026-04-01T13:56:13+03:00,2026-04-01T13:56:21+03:00
trip_update_TRAM11-03-1-251208-ba-1440,TRAM11-03-1-251208-ba-1440,riga_tram_11,11,Ausekļa iela - Mežaparks,,,1.0,Ausekļa iela,riga_tram_11_b-a,0,57171,Tramvajs 11,2026-04-01T13:56:13+03:00,2026-04-01T13:56:21+03:00
trip_update_TRAM11-05-1-251208-ab-1400,TRAM11-05-1-251208-ab-1400,riga_tram_11,11,Ausekļa iela - Mežaparks,,,0.0,Mežaparks,riga_tram_11_a-b,0,30002,Tramvajs 11,2026-04-01T13:56:15+03:00,2026-04-01T13:56:21+03:00
trip_update_TRAM11-05-1-251208-ba-1330,TRAM11-05-1-251208-ba-1330,riga_tram_11,11,Ausekļa iela - Mežaparks,,,1.0,Ausekļa iela,riga_tram_11_b-a,0,30002,Tramvajs 11,2026-04-01T13:56:15+03:00,2026-04-01T13:56:21+03:00
trip_update_TRAM11-05-1-251208-ba-1450,TRAM11-05-1-251208-ba-1450,riga_tram_11,11,Ausekļa iela - Mežaparks,,,1.0,Ausekļa iela,riga_tram_11_b-a,0,30002,Tramvajs 11,2026-04-01T13:56:15+03:00,2026-04-01T13:56:21+03:00
trip_update_TRAM11-06-1-251208-ab-1410,TRAM11-06-1-251208-ab-1410,riga_tram_11,11,Ausekļa iela - Mežaparks,,,0.0,Mežaparks,riga_tram_11_a-b,0,57169,Tramvajs 11,2026-04-01T13:56:13+03:00,2026-04-01T13:56:21+03:00
trip_update_TRAM11-06-1-251208-ba-1340,TRAM11-06-1-251208-ba-1340,riga_tram_11,11,Ausekļa iela - Mežaparks,,,1.0,Ausekļa iela,riga_tram_11_b-a,0,57169,Tramvajs 11,2026-04-01T13:56:13+03:00,2026-04-01T13:56:21+03:00
trip_update_TRAM11-08-1-251208-ab-1430,TRAM11-08-1-251208-ab-1430,riga_tram_11,11,Ausekļa iela - Mežaparks,,,0.0,Mežaparks,riga_tram_11_a-b,0,30188,Tramvajs 11,2026-04-01T13:56:14+03:00,2026-04-01T13:56:21+03:00
trip_update_TRAM11-08-1-251208-ba-1350,TRAM11-08-1-251208-ba-1350,riga_tram_11,11,Ausekļa iela - Mežaparks,,,1.0,Ausekļa iela,riga_tram_11_b-a,0,30188,Tramvajs 11,2026-04-01T13:56:14+03:00,2026-04-01T13:56:21+03:00
trip_update_TRAM11-09-1-251208-ab-1440,TRAM11-09-1-251208-ab-1440,riga_tram_11,11,Ausekļa iela - Mežaparks,,,0.0,Mežaparks,riga_tram_11_a-b,0,57147,Tramvajs 11,2026-04-01T13:56:14+03:00,2026-04-01T13:56:21+03:00
trip_update_TRAM11-09-1-251208-ba-1400,TRAM11-09-1-251208-ba-1400,riga_tram_11,11,Ausekļa iela - Mežaparks,,,1.0,Ausekļa iela,riga_tram_11_b-a,0,57147,Tramvajs 11,2026-04-01T13:56:14+03:00,2026-04-01T13:56:21+03:00
trip_update_TRAM14-01-1-251028-ab-1400,TRAM14-01-1-251028-ab-1400,riga_tram_14,14,Iļģuciems - Ķengarags,,,0.0,Ķengarags,riga_tram_14_a-b,0,57626,Tramvajs 14,2026-04-01T13:56:10+03:00,2026-04-01T13:56:21+03:00
trip_update_TRAM14-02-1-251028-ab-1430,TRAM14-02-1-251028-ab-1430,riga_tram_14,14,Iļģuciems - Ķengarags,,,0.0,Ķengarags,riga_tram_14_a-b,0,57572,Tramvajs 14,2026-04-01T13:56:07+03:00,2026-04-01T13:56:21+03:00
trip_update_TRAM14-02-1-251028-ba-1330,TRAM14-02-1-251028-ba-1330,riga_tram_14,14,Iļģuciems - Ķengarags,,,1.0,Iļģuciems,riga_tram_14_b-a,0,57572,Tramvajs 14,2026-04-01T13:56:07+03:00,2026-04-01T13:56:21+03:00
trip_update_TRAM14-03-1-251028-ba-1400,TRAM14-03-1-251028-ba-1400,riga_tram_14,14,Iļģuciems - Ķengarags,,,1.0,Iļģuciems,riga_tram_14_b-a,0,57648,Tramvajs 14,2026-04-01T13:56:07+03:00,2026-04-01T13:56:21+03:00
trip_update_TRAM14-04-1-251028-ab-1330,TRAM14-04-1-251028-ab-1330,riga_tram_14,14,Iļģuciems - Ķengarags,,,0.0,Ķengarags,riga_tram_14_a-b,0,57615,Tramvajs 14,2026-04-01T13:56:12+03:00,2026-04-01T13:56:21+03:00
trip_update_TRAM14-04-1-251028-ba-1440,TRAM14-04-1-251028-ba-1440,riga_tram_14,14,Iļģuciems - Ķengarags,,,1.0,Iļģuciems,riga_tram_14_b-a,0,57615,Tramvajs 14,2026-04-01T13:56:12+03:00,2026-04-01T13:56:21+03:00
trip_update_TRAM5-01-1-260226-ab-1340,TRAM5-01-1-260226-ab-1340,,,,,,,,,0,31836,Tramvajs 5,2026-04-01T13:56:16+03:00,2026-04-01T13:56:21+03:00
trip_update_TRAM5-01-1-260226-ba-1440,TRAM5-01-1-260226-ba-1440,,,,,,,,,0,31836,Tramvajs 5,2026-04-01T13:56:16+03:00,2026-04-01T13:56:21+03:00
trip_update_TRAM5-02-1-260226-ab-1420,TRAM5-02-1-260226-ab-1420,,,,,,,,,0,30917,Tramvajs 5,2026-04-01T13:51:26+03:00,2026-04-01T13:56:21+03:00
trip_update_TRAM5-02-1-260226-ba-1310,TRAM5-02-1-260226-ba-1310,,,,,,,,,0,30917,Tramvajs 5,2026-04-01T13:51:26+03:00,2026-04-01T13:56:21+03:00
trip_update_TRAM5-03-1-260226-ab-1450,TRAM5-03-1-260226-ab-1450,,,,,,,,,0,30100,Tramvajs 5,2026-04-01T13:56:13+03:00,2026-04-01T13:56:21+03:00
trip_update_TRAM5-03-1-260226-ba-1340,TRAM5-03-1-260226-ba-1340,,,,,,,,,0,30100,Tramvajs 5,2026-04-01T13:56:13+03:00,2026-04-01T13:56:21+03:00
trip_update_TRAM5-04-1-260226-ab-1310,TRAM5-04-1-260226-ab-1310,,,,,,,,,0,30743,Tramvajs 5,2026-04-01T13:56:13+03:00,2026-04-01T13:56:21+03:00
trip_update_TRAM5-04-1-260226-ba-1410,TRAM5-04-1-260226-ba-1410,,,,,,,,,0,30743,Tramvajs 5,2026-04-01T13:56:13+03:00,2026-04-01T13:56:21+03:00
trip_update_TRAM7-01-1-251208-ab-1440,TRAM7-01-1-251208-ab-1440,riga_tram_7,7,Ausekļa iela - Ķengarags,,,0.0,Ķengarags,riga_tram_7_a-b,0,57539,Tramvajs 7,2026-04-01T13:56:14+03:00,2026-04-01T13:56:21+03:00
trip_update_TRAM7-01-1-251208-ba-1410,TRAM7-01-1-251208-ba-1410,riga_tram_7,7,Ausekļa iela - Ķengarags,,,1.0,Ausekļa iela,riga_tram_7_b-a,0,57539,Tramvajs 7,2026-04-01T13:56:14+03:00,2026-04-01T13:56:21+03:00
trip_update_TRAM7-03-1-251208-ab-1340,TRAM7-03-1-251208-ab-1340,riga_tram_7,7,Ausekļa iela - Ķengarags,,,0.0,Ķengarags,riga_tram_7_a-b,0,35272,Tramvajs 7,2026-04-01T13:56:17+03:00,2026-04-01T13:56:21+03:00
trip_update_TRAM7-03-1-251208-ab-1450,TRAM7-03-1-251208-ab-1450,riga_tram_7,7,Ausekļa iela - Ķengarags,,,0.0,Ķengarags,riga_tram_7_a-b,0,35272,Tramvajs 7,2026-04-01T13:56:17+03:00,2026-04-01T13:56:21+03:00
trip_update_TRAM7-03-1-251208-ba-1420,TRAM7-03-1-251208-ba-1420,riga_tram_7,7,Ausekļa iela - Ķengarags,,,1.0,Ausekļa iela,riga_tram_7_b-a,0,35272,Tramvajs 7,2026-04-01T13:56:17+03:00,2026-04-01T13:56:21+03:00
trip_update_TRAM7-04-1-251208-ab-1450,TRAM7-04-1-251208-ab-1450,riga_tram_7,7,Ausekļa iela - Ķengarags,,,0.0,Ķengarags,riga_tram_7_a-b,0,32178,Tramvajs 7,2026-04-01T13:56:16+03:00,2026-04-01T13:56:21+03:00
trip_update_TRAM7-04-1-251208-d3a-1430,TRAM7-04-1-251208-d3a-1430,riga_tram_7,7,Ausekļa iela - Ķengarags,,,1.0,Ausekļa iela,riga_tram_7_d3-a,0,32178,Tramvajs 7,2026-04-01T13:56:16+03:00,2026-04-01T13:56:21+03:00
trip_update_TRAM7-05-1-251208-ab-1350,TRAM7-05-1-251208-ab-1350,riga_tram_7,7,Ausekļa iela - Ķengarags,,,0.0,Ķengarags,riga_tram_7_a-b,0,57561,Tramvajs 7,2026-04-01T13:56:07+03:00,2026-04-01T13:56:21+03:00
trip_update_TRAM7-05-1-251208-ba-1430,TRAM7-05-1-251208-ba-1430,riga_tram_7,7,Ausekļa iela - Ķengarags,,,1.0,Ausekļa iela,riga_tram_7_b-a,0,57561,Tramvajs 7,2026-04-01T13:56:07+03:00,2026-04-01T13:56:21+03:00
trip_update_TRAM7-06-1-251208-d3a-1450,TRAM7-06-1-251208-d3a-1450,riga_tram_7,7,Ausekļa iela - Ķengarags,,,1.0,Ausekļa iela,riga_tram_7_d3-a,0,32134,Tramvajs 7,2026-04-01T13:56:17+03:00,2026-04-01T13:56:21+03:00
trip_update_TRAM7-07-1-251208-ab-1400,TRAM7-07-1-251208-ab-1400,riga_tram_7,7,Ausekļa iela - Ķengarags,,,0.0,Ķengarags,riga_tram_7_a-b,0,57604,Tramvajs 7,2026-04-01T13:56:05+03:00,2026-04-01T13:56:21+03:00
trip_update_TRAM7-07-1-251208-ba-1330,TRAM7-07-1-251208-ba-1330,riga_tram_7,7,Ausekļa iela - Ķengarags,,,1.0,Ausekļa iela,riga_tram_7_b-a,0,57604,Tramvajs 7,2026-04-01T13:56:05+03:00,2026-04-01T13:56:21+03:00
trip_update_TRAM7-07-1-251208-ba-1450,TRAM7-07-1-251208-ba-1450,riga_tram_7,7,Ausekļa iela - Ķengarags,,,1.0,Ausekļa iela,riga_tram_7_b-a,0,57604,Tramvajs 7,2026-04-01T13:56:05+03:00,2026-04-01T13:56:21+03:00
trip_update_TRAM7-08-1-251208-ab-1410,TRAM7-08-1-251208-ab-1410,riga_tram_7,7,Ausekļa iela - Ķengarags,,,0.0,Ķengarags,riga_tram_7_a-b,0,35239,Tramvajs 7,2026-04-01T13:52:53+03:00,2026-04-01T13:56:21+03:00
trip_update_TRAM7-08-1-251208-ba-1340,TRAM7-08-1-251208-ba-1340,riga_tram_7,7,Ausekļa iela - Ķengarags,,,1.0,Ausekļa iela,riga_tram_7_b-a,0,35239,Tramvajs 7,2026-04-01T13:52:53+03:00,2026-04-01T13:56:21+03:00
trip_update_TRAM7-08-1-251208-bd3-1440,TRAM7-08-1-251208-bd3-1440,riga_tram_7,7,Ausekļa iela - Ķengarags,,,1.0,3.depo (Fridriķa ielā),riga_tram_7_b-d3,0,35239,Tramvajs 7,2026-04-01T13:52:53+03:00,2026-04-01T13:56:21+03:00
trip_update_TRAM7-09-1-251208-ab-1420,TRAM7-09-1-251208-ab-1420,riga_tram_7,7,Ausekļa iela - Ķengarags,,,0.0,Ķengarags,riga_tram_7_a-b,0,30307,Tramvajs 7,2026-04-01T13:56:16+03:00,2026-04-01T13:56:21+03:00
trip_update_TRAM7-09-1-251208-ba-1350,TRAM7-09-1-251208-ba-1350,riga_tram_7,7,Ausekļa iela - Ķengarags,,,1.0,Ausekļa iela,riga_tram_7_b-a,0,30307,Tramvajs 7,2026-04-01T13:56:16+03:00,2026-04-01T13:56:21+03:00
trip_update_TRAM7-09-1-251208-ba-1500,TRAM7-09-1-251208-ba-1500,riga_tram_7,7,Ausekļa iela - Ķengarags,,,1.0,Ausekļa iela,riga_tram_7_b-a,0,30307,Tramvajs 7,2026-04-01T13:56:16+03:00,2026-04-01T13:56:21+03:00
trip_update_TRAM7-10-1-251208-ab-1430,TRAM7-10-1-251208-ab-1430,riga_tram_7,7,Ausekļa iela - Ķengarags,,,0.0,Ķengarags,riga_tram_7_a-b,0,57583,Tramvajs 7,2026-04-01T13:56:13+03:00,2026-04-01T13:56:21+03:00
trip_update_TRAM7-10-1-251208-ba-1400,TRAM7-10-1-251208-ba-1400,riga_tram_7,7,Ausekļa iela - Ķengarags,,,1.0,Ausekļa iela,riga_tram_7_b-a,0,57583,Tramvajs 7,2026-04-01T13:56:13+03:00,2026-04-01T13:56:21+03:00
trip_update_TRAM8-01-1-260226-ab-1350,TRAM8-01-1-260226-ab-1350,,,,,,,,,0,35076,Tramvajs 8,2026-04-01T13:56:16+03:00,2026-04-01T13:56:21+03:00
trip_update_TRAM8-02-1-260226-ab-1420,TRAM8-02-1-260226-ab-1420,,,,,,,,,0,30405,Tramvajs 8,2026-04-01T13:56:18+03:00,2026-04-01T13:56:21+03:00
trip_update_TRAM8-02-1-260226-ba-1330,TRAM8-02-1-260226-ba-1330,,,,,,,,,0,30405,Tramvajs 8,2026-04-01T13:56:18+03:00,2026-04-01T13:56:21+03:00
trip_update_TRAM8-03-1-260226-ba-1400,TRAM8-03-1-260226-ba-1400,,,,,,,,,0,30220,Tramvajs 8,2026-04-01T13:56:18+03:00,2026-04-01T13:56:21+03:00
trip_update_TRAM8-04-1-260226-ab-1320,TRAM8-04-1-260226-ab-1320,,,,,,,,,0,31751,Tramvajs 8,2026-04-01T13:56:16+03:00,2026-04-01T13:56:21+03:00
trip_update_TRAM8-04-1-260226-ba-1430,TRAM8-04-1-260226-ba-1430,,,,,,,,,0,31751,Tramvajs 8,2026-04-01T13:56:16+03:00,2026-04-01T13:56:21+03:00
trip_update_TROL1-01-1-260323-ab-1430,TROL1-01-1-260323-ab-1430,,,,,,,,,0,19715,Trolejbuss 1,2026-04-01T13:56:17+03:00,2026-04-01T13:56:21+03:00
trip_update_TROL1-01-1-260323-ba-1400,TROL1-01-1-260323-ba-1400,,,,,,,,,0,19715,Trolejbuss 1,2026-04-01T13:56:17+03:00,2026-04-01T13:56:21+03:00
trip_update_TROL1-02-1-260323-ab-1400,TROL1-02-1-260323-ab-1400,,,,,,,,,0,19761,Trolejbuss 1,2026-04-01T13:56:16+03:00,2026-04-01T13:56:21+03:00
trip_update_TROL1-02-1-260323-ab-1500,TROL1-02-1-260323-ab-1500,,,,,,,,,0,19761,Trolejbuss 1,2026-04-01T13:56:16+03:00,2026-04-01T13:56:21+03:00
trip_update_TROL1-02-1-260323-ba-1430,TROL1-02-1-260323-ba-1430,,,,,,,,,0,19761,Trolejbuss 1,2026-04-01T13:56:16+03:00,2026-04-01T13:56:21+03:00
trip_update_TROL11-01-1-260323-ab-1350,TROL11-01-1-260323-ab-1350,,,,,,,,,0,19781,Trolejbuss 11,2026-04-01T13:56:14+03:00,2026-04-01T13:56:21+03:00
trip_update_TROL11-01-1-260323-ab-1450,TROL11-01-1-260323-ab-1450,,,,,,,,,0,19781,Trolejbuss 11,2026-04-01T13:56:14+03:00,2026-04-01T13:56:21+03:00
trip_update_TROL11-01-1-260323-ba-1430,TROL11-01-1-260323-ba-1430,,,,,,,,,0,19781,Trolejbuss 11,2026-04-01T13:56:14+03:00,2026-04-01T13:56:21+03:00
trip_update_TROL11-02-1-260323-ab-1420,TROL11-02-1-260323-ab-1420,,,,,,,,,0,19596,Trolejbuss 11,2026-04-01T13:56:18+03:00,2026-04-01T13:56:21+03:00
trip_update_TROL11-02-1-260323-ba-1400,TROL11-02-1-260323-ba-1400,,,,,,,,,0,19596,Trolejbuss 11,2026-04-01T13:56:18+03:00,2026-04-01T13:56:21+03:00
trip_update_TROL11-02-1-260323-ba-1500,TROL11-02-1-260323-ba-1500,,,,,,,,,0,19596,Trolejbuss 11,2026-04-01T13:56:18+03:00,2026-04-01T13:56:21+03:00
trip_update_TROL12-01-1-260323-ab-1420,TROL12-01-1-260323-ab-1420,,,,,,,,,0,29200,Trolejbuss 12,2026-04-01T13:56:14+03:00,2026-04-01T13:56:21+03:00
trip_update_TROL12-01-1-260323-ba-1340,TROL12-01-1-260323-ba-1340,,,,,,,,,0,29200,Trolejbuss 12,2026-04-01T13:56:14+03:00,2026-04-01T13:56:21+03:00
trip_update_TROL12-02-1-260323-ab-1450,TROL12-02-1-260323-ab-1450,,,,,,,,,0,27526,Trolejbuss 12,2026-04-01T13:56:15+03:00,2026-04-01T13:56:21+03:00
trip_update_TROL12-02-1-260323-ba-1400,TROL12-02-1-260323-ba-1400,,,,,,,,,0,27526,Trolejbuss 12,2026-04-01T13:56:15+03:00,2026-04-01T13:56:21+03:00
trip_update_TROL12-03-1-260323-ab-1330,TROL12-03-1-260323-ab-1330,,,,,,,,,0,17562,Trolejbuss 12,2026-04-01T13:55:15+03:00,2026-04-01T13:56:21+03:00
trip_update_TROL12-03-1-260323-ba-1420,TROL12-03-1-260323-ba-1420,,,,,,,,,0,17562,Trolejbuss 12,2026-04-01T13:55:15+03:00,2026-04-01T13:56:21+03:00
trip_update_TROL12-05-1-260323-ab-1400,TROL12-05-1-260323-ab-1400,,,,,,,,,0,19639,Trolejbuss 12,2026-04-01T13:56:13+03:00,2026-04-01T13:56:21+03:00
trip_update_TROL12-05-1-260323-ba-1450,TROL12-05-1-260323-ba-1450,,,,,,,,,0,19639,Trolejbuss 12,2026-04-01T13:56:13+03:00,2026-04-01T13:56:21+03:00
trip_update_TROL13-01-1-260323-ab-1420,TROL13-01-1-260323-ab-1420,,,,,,,,,0,19454,Trolejbuss 13,2026-04-01T13:56:16+03:00,2026-04-01T13:56:21+03:00
trip_update_TROL13-01-1-260323-ba-1340,TROL13-01-1-260323-ba-1340,,,,,,,,,0,19454,Trolejbuss 13,2026-04-01T13:56:16+03:00,2026-04-01T13:56:21+03:00
trip_update_TROL13-02-1-260323-ab-1330,TROL13-02-1-260323-ab-1330,,,,,,,,,0,19726,Trolejbuss 13,2026-04-01T13:56:16+03:00,2026-04-01T13:56:21+03:00
trip_update_TROL13-02-1-260323-ba-1420,TROL13-02-1-260323-ba-1420,,,,,,,,,0,19726,Trolejbuss 13,2026-04-01T13:56:16+03:00,2026-04-01T13:56:21+03:00
trip_update_TROL14-01-1-260323-ab-1350,TROL14-01-1-260323-ab-1350,,,,,,,,,0,27134,Trolejbuss 14,2026-04-01T13:56:18+03:00,2026-04-01T13:56:21+03:00
trip_update_TROL14-01-1-260323-ba-1440,TROL14-01-1-260323-ba-1440,,,,,,,,,0,27134,Trolejbuss 14,2026-04-01T13:56:18+03:00,2026-04-01T13:56:21+03:00
trip_update_TROL14-02-1-260323-ab-1410,TROL14-02-1-260323-ab-1410,,,,,,,,,0,28412,Trolejbuss 14,2026-04-01T13:56:16+03:00,2026-04-01T13:56:21+03:00
trip_update_TROL14-02-1-260323-ba-1340,TROL14-02-1-260323-ba-1340,,,,,,,,,0,28412,Trolejbuss 14,2026-04-01T13:56:16+03:00,2026-04-01T13:56:21+03:00
trip_update_TROL14-02-1-260323-ba-1450,TROL14-02-1-260323-ba-1450,,,,,,,,,0,28412,Trolejbuss 14,2026-04-01T13:56:16+03:00,2026-04-01T13:56:21+03:00
trip_update_TROL14-03-1-260323-d2b-1400,TROL14-03-1-260323-d2b-1400,,,,,,,,,0,29277,Trolejbuss 14,2026-04-01T13:56:14+03:00,2026-04-01T13:56:21+03:00
trip_update_TROL14-04-1-260323-ab-1420,TROL14-04-1-260323-ab-1420,,,,,,,,,0,29431,Trolejbuss 14,2026-04-01T13:56:13+03:00,2026-04-01T13:56:21+03:00
trip_update_TROL14-04-1-260323-ba-1350,TROL14-04-1-260323-ba-1350,,,,,,,,,0,29431,Trolejbuss 14,2026-04-01T13:56:13+03:00,2026-04-01T13:56:21+03:00
trip_update_TROL14-06-1-260323-ab-1430,TROL14-06-1-260323-ab-1430,,,,,,,,,0,29146,Trolejbuss 14,2026-04-01T13:56:16+03:00,2026-04-01T13:56:21+03:00
trip_update_TROL14-06-1-260323-ba-1400,TROL14-06-1-260323-ba-1400,,,,,,,,,0,29146,Trolejbuss 14,2026-04-01T13:56:16+03:00,2026-04-01T13:56:21+03:00
trip_update_TROL14-07-1-260323-ab-1330,TROL14-07-1-260323-ab-1330,,,,,,,,,0,28401,Trolejbuss 14,2026-04-01T13:56:18+03:00,2026-04-01T13:56:21+03:00
trip_update_TROL14-07-1-260323-ab-1450,TROL14-07-1-260323-ab-1450,,,,,,,,,0,28401,Trolejbuss 14,2026-04-01T13:56:18+03:00,2026-04-01T13:56:21+03:00
trip_update_TROL14-07-1-260323-ba-1410,TROL14-07-1-260323-ba-1410,,,,,,,,,0,28401,Trolejbuss 14,2026-04-01T13:56:18+03:00,2026-04-01T13:56:21+03:00
trip_update_TROL14-09-1-260323-ab-1340,TROL14-09-1-260323-ab-1340,,,,,,,,,0,27559,Trolejbuss 14,2026-04-01T13:56:00+03:00,2026-04-01T13:56:21+03:00
trip_update_TROL14-09-1-260323-ba-1430,TROL14-09-1-260323-ba-1430,,,,,,,,,0,27559,Trolejbuss 14,2026-04-01T13:56:00+03:00,2026-04-01T13:56:21+03:00
trip_update_TROL15-01-1-260323-ab-1330,TROL15-01-1-260323-ab-1330,,,,,,,,,0,17616,Trolejbuss 15,2026-04-01T13:56:17+03:00,2026-04-01T13:56:21+03:00
trip_update_TROL15-01-1-260323-ab-1450,TROL15-01-1-260323-ab-1450,,,,,,,,,0,17616,Trolejbuss 15,2026-04-01T13:56:17+03:00,2026-04-01T13:56:21+03:00
trip_update_TROL15-01-1-260323-ba-1420,TROL15-01-1-260323-ba-1420,,,,,,,,,0,17616,Trolejbuss 15,2026-04-01T13:56:17+03:00,2026-04-01T13:56:21+03:00
trip_update_TROL15-03-1-260323-ab-1340,TROL15-03-1-260323-ab-1340,,,,,,,,,0,17901,Trolejbuss 15,2026-04-01T13:56:15+03:00,2026-04-01T13:56:21+03:00
trip_update_TROL15-03-1-260323-ba-1420,TROL15-03-1-260323-ba-1420,,,,,,,,,0,17901,Trolejbuss 15,2026-04-01T13:56:15+03:00,2026-04-01T13:56:21+03:00
trip_update_TROL15-05-1-260323-ab-1350,TROL15-05-1-260323-ab-1350,,,,,,,,,0,17671,Trolejbuss 15,2026-04-01T13:56:02+03:00,2026-04-01T13:56:21+03:00
trip_update_TROL15-05-1-260323-ba-1430,TROL15-05-1-260323-ba-1430,,,,,,,,,0,17671,Trolejbuss 15,2026-04-01T13:56:02+03:00,2026-04-01T13:56:21+03:00
trip_update_TROL15-07-1-260323-ab-1350,TROL15-07-1-260323-ab-1350,,,,,,,,,0,16371,Trolejbuss 15,2026-04-01T13:56:15+03:00,2026-04-01T13:56:21+03:00
trip_update_TROL15-07-1-260323-ba-1440,TROL15-07-1-260323-ba-1440,,,,,,,,,0,16371,Trolejbuss 15,2026-04-01T13:56:15+03:00,2026-04-01T13:56:21+03:00
trip_update_TROL15-09-1-260323-ab-1400,TROL15-09-1-260323-ab-1400,,,,,,,,,0,17812,Trolejbuss 15,2026-04-01T13:55:58+03:00,2026-04-01T13:56:21+03:00
trip_update_TROL15-09-1-260323-ba-1330,TROL15-09-1-260323-ba-1330,,,,,,,,,0,17812,Trolejbuss 15,2026-04-01T13:55:58+03:00,2026-04-01T13:56:21+03:00
trip_update_TROL15-09-1-260323-ba-1440,TROL15-09-1-260323-ba-1440,,,,,,,,,0,17812,Trolejbuss 15,2026-04-01T13:55:58+03:00,2026-04-01T13:56:21+03:00
trip_update_TROL15-11-1-260323-ab-1410,TROL15-11-1-260323-ab-1410,,,,,,,,,0,17801,Trolejbuss 15,2026-04-01T13:56:17+03:00,2026-04-01T13:56:21+03:00
trip_update_TROL15-11-1-260323-ba-1330,TROL15-11-1-260323-ba-1330,,,,,,,,,0,17801,Trolejbuss 15,2026-04-01T13:56:17+03:00,2026-04-01T13:56:21+03:00
trip_update_TROL15-11-1-260323-ba-1450,TROL15-11-1-260323-ba-1450,,,,,,,,,0,17801,Trolejbuss 15,2026-04-01T13:56:17+03:00,2026-04-01T13:56:21+03:00
trip_update_TROL15-13-1-260323-ab-1420,TROL15-13-1-260323-ab-1420,,,,,,,,,0,16316,Trolejbuss 15,2026-04-01T13:51:57+03:00,2026-04-01T13:56:21+03:00
trip_update_TROL15-13-1-260323-ba-1340,TROL15-13-1-260323-ba-1340,,,,,,,,,0,16316,Trolejbuss 15,2026-04-01T13:51:57+03:00,2026-04-01T13:56:21+03:00
trip_update_TROL15-15-1-260323-ab-1420,TROL15-15-1-260323-ab-1420,,,,,,,,,0,17891,Trolejbuss 15,2026-04-01T13:56:02+03:00,2026-04-01T13:56:21+03:00
trip_update_TROL15-15-1-260323-ba-1350,TROL15-15-1-260323-ba-1350,,,,,,,,,0,17891,Trolejbuss 15,2026-04-01T13:56:02+03:00,2026-04-01T13:56:21+03:00
trip_update_TROL15-17-1-260323-ab-1430,TROL15-17-1-260323-ab-1430,,,,,,,,,0,17531,Trolejbuss 15,2026-04-01T13:56:18+03:00,2026-04-01T13:56:21+03:00
trip_update_TROL15-17-1-260323-ba-1400,TROL15-17-1-260323-ba-1400,,,,,,,,,0,17531,Trolejbuss 15,2026-04-01T13:56:18+03:00,2026-04-01T13:56:21+03:00
trip_update_TROL15-19-1-260323-ab-1440,TROL15-19-1-260323-ab-1440,,,,,,,,,0,17638,Trolejbuss 15,2026-04-01T13:56:03+03:00,2026-04-01T13:56:21+03:00
trip_update_TROL15-19-1-260323-ba-1400,TROL15-19-1-260323-ba-1400,,,,,,,,,0,17638,Trolejbuss 15,2026-04-01T13:56:03+03:00,2026-04-01T13:56:21+03:00
trip_update_TROL15-20-1-260323-ab-1440,TROL15-20-1-260323-ab-1440,,,,,,,,,0,29222,Trolejbuss 15,2026-04-01T13:56:14+03:00,2026-04-01T13:56:21+03:00
trip_update_TROL15-20-1-260323-ba-1410,TROL15-20-1-260323-ba-1410,,,,,,,,,0,29222,Trolejbuss 15,2026-04-01T13:56:14+03:00,2026-04-01T13:56:21+03:00
trip_update_TROL16-01-1-260323-ab-1330,TROL16-01-1-260323-ab-1330,,,,,,,,,0,17714,Trolejbuss 16,2026-04-01T13:56:12+03:00,2026-04-01T13:56:21+03:00
trip_update_TROL16-01-1-260323-ab-1450,TROL16-01-1-260323-ab-1450,,,,,,,,,0,17714,Trolejbuss 16,2026-04-01T13:56:12+03:00,2026-04-01T13:56:21+03:00
trip_update_TROL16-01-1-260323-ba-1410,TROL16-01-1-260323-ba-1410,,,,,,,,,0,17714,Trolejbuss 16,2026-04-01T13:56:12+03:00,2026-04-01T13:56:21+03:00
trip_update_TROL16-03-1-260323-ab-1350,TROL16-03-1-260323-ab-1350,,,,,,,,,0,17660,Trolejbuss 16,2026-04-01T13:56:02+03:00,2026-04-01T13:56:21+03:00
trip_update_TROL16-03-1-260323-ba-1430,TROL16-03-1-260323-ba-1430,,,,,,,,,0,17660,Trolejbuss 16,2026-04-01T13:56:02+03:00,2026-04-01T13:56:21+03:00
trip_update_TROL16-04-1-260323-ab-1410,TROL16-04-1-260323-ab-1410,,,,,,,,,0,17736,Trolejbuss 16,2026-04-01T13:56:17+03:00,2026-04-01T13:56:21+03:00
trip_update_TROL16-04-1-260323-ba-1330,TROL16-04-1-260323-ba-1330,,,,,,,,,0,17736,Trolejbuss 16,2026-04-01T13:56:17+03:00,2026-04-01T13:56:21+03:00
trip_update_TROL16-05-1-260323-ab-1430,TROL16-05-1-260323-ab-1430,,,,,,,,,0,17627,Trolejbuss 16,2026-04-01T13:56:14+03:00,2026-04-01T13:56:21+03:00
trip_update_TROL16-05-1-260323-ba-1350,TROL16-05-1-260323-ba-1350,,,,,,,,,0,17627,Trolejbuss 16,2026-04-01T13:56:14+03:00,2026-04-01T13:56:21+03:00
trip_update_TROL17-01-1-260323-ab-1420,TROL17-01-1-260323-ab-1420,,,,,,,,,0,26640,Trolejbuss 17,2026-04-01T13:56:17+03:00,2026-04-01T13:56:21+03:00
trip_update_TROL17-01-1-260323-ba-1350,TROL17-01-1-260323-ba-1350,,,,,,,,,0,26640,Trolejbuss 17,2026-04-01T13:56:17+03:00,2026-04-01T13:56:21+03:00
trip_update_TROL17-03-1-260323-ab-1330,TROL17-03-1-260323-ab-1330,,,,,,,,,0,27755,Trolejbuss 17,2026-04-01T13:56:15+03:00,2026-04-01T13:56:21+03:00
trip_update_TROL17-03-1-260323-ab-1450,TROL17-03-1-260323-ab-1450,,,,,,,,,0,27755,Trolejbuss 17,2026-04-01T13:56:15+03:00,2026-04-01T13:56:21+03:00
trip_update_TROL17-03-1-260323-ba-1410,TROL17-03-1-260323-ba-1410,,,,,,,,,0,27755,Trolejbuss 17,2026-04-01T13:56:15+03:00,2026-04-01T13:56:21+03:00
trip_update_TROL17-05-1-260323-ab-1340,TROL17-05-1-260323-ab-1340,,,,,,,,,0,27254,Trolejbuss 17,2026-04-01T13:56:14+03:00,2026-04-01T13:56:21+03:00
trip_update_TROL17-05-1-260323-ba-1420,TROL17-05-1-260323-ba-1420,,,,,,,,,0,27254,Trolejbuss 17,2026-04-01T13:56:14+03:00,2026-04-01T13:56:21+03:00
trip_update_TROL17-07-1-260323-ab-1350,TROL17-07-1-260323-ab-1350,,,,,,,,,0,27287,Trolejbuss 17,2026-04-01T13:56:16+03:00,2026-04-01T13:56:21+03:00
trip_update_TROL17-07-1-260323-ba-1440,TROL17-07-1-260323-ba-1440,,,,,,,,,0,27287,Trolejbuss 17,2026-04-01T13:56:16+03:00,2026-04-01T13:56:21+03:00
trip_update_TROL17-09-1-260323-ab-1400,TROL17-09-1-260323-ab-1400,,,,,,,,,0,27744,Trolejbuss 17,2026-04-01T13:56:14+03:00,2026-04-01T13:56:21+03:00
trip_update_TROL17-09-1-260323-ba-1330,TROL17-09-1-260323-ba-1330,,,,,,,,,0,27744,Trolejbuss 17,2026-04-01T13:56:14+03:00,2026-04-01T13:56:21+03:00
trip_update_TROL17-09-1-260323-ba-1450,TROL17-09-1-260323-ba-1450,,,,,,,,,0,27744,Trolejbuss 17,2026-04-01T13:56:14+03:00,2026-04-01T13:56:21+03:00
trip_update_TROL17-11-1-260323-ab-1410,TROL17-11-1-260323-ab-1410,,,,,,,,,0,27733,Trolejbuss 17,2026-04-01T13:56:15+03:00,2026-04-01T13:56:21+03:00
trip_update_TROL17-11-1-260323-ba-1340,TROL17-11-1-260323-ba-1340,,,,,,,,,0,27733,Trolejbuss 17,2026-04-01T13:56:15+03:00,2026-04-01T13:56:21+03:00
trip_update_TROL18-01-1-260323-ab-1430,TROL18-01-1-260323-ab-1430,,,,,,,,,0,27101,Trolejbuss 18,2026-04-01T13:56:17+03:00,2026-04-01T13:56:21+03:00
trip_update_TROL18-01-1-260323-ba-1350,TROL18-01-1-260323-ba-1350,,,,,,,,,0,27101,Trolejbuss 18,2026-04-01T13:56:17+03:00,2026-04-01T13:56:21+03:00
trip_update_TROL18-02-1-260323-ab-1330,TROL18-02-1-260323-ab-1330,,,,,,,,,0,27668,Trolejbuss 18,2026-04-01T13:56:17+03:00,2026-04-01T13:56:21+03:00
trip_update_TROL18-02-1-260323-ab-1440,TROL18-02-1-260323-ab-1440,,,,,,,,,0,27668,Trolejbuss 18,2026-04-01T13:56:17+03:00,2026-04-01T13:56:21+03:00
trip_update_TROL18-02-1-260323-ba-1410,TROL18-02-1-260323-ba-1410,,,,,,,,,0,27668,Trolejbuss 18,2026-04-01T13:56:17+03:00,2026-04-01T13:56:21+03:00
trip_update_TROL18-03-1-260323-ab-1340,TROL18-03-1-260323-ab-1340,,,,,,,,,0,22072,Trolejbuss 18,2026-04-01T13:56:02+03:00,2026-04-01T13:56:21+03:00
trip_update_TROL18-03-1-260323-ab-1500,TROL18-03-1-260323-ab-1500,,,,,,,,,0,22072,Trolejbuss 18,2026-04-01T13:56:02+03:00,2026-04-01T13:56:21+03:00
trip_update_TROL18-03-1-260323-ba-1420,TROL18-03-1-260323-ba-1420,,,,,,,,,0,22072,Trolejbuss 18,2026-04-01T13:56:02+03:00,2026-04-01T13:56:21+03:00
trip_update_TROL18-04-1-260323-ab-1350,TROL18-04-1-260323-ab-1350,,,,,,,,,0,27189,Trolejbuss 18,2026-04-01T13:56:02+03:00,2026-04-01T13:56:21+03:00
trip_update_TROL18-04-1-260323-ba-1430,TROL18-04-1-260323-ba-1430,,,,,,,,,0,27189,Trolejbuss 18,2026-04-01T13:56:02+03:00,2026-04-01T13:56:21+03:00
trip_update_TROL18-05-1-260323-ab-1400,TROL18-05-1-260323-ab-1400,,,,,,,,,0,27191,Trolejbuss 18,2026-04-01T13:56:16+03:00,2026-04-01T13:56:21+03:00
trip_update_TROL18-05-1-260323-ba-1330,TROL18-05-1-260323-ba-1330,,,,,,,,,0,27191,Trolejbuss 18,2026-04-01T13:56:16+03:00,2026-04-01T13:56:21+03:00
trip_update_TROL18-05-1-260323-ba-1450,TROL18-05-1-260323-ba-1450,,,,,,,,,0,27191,Trolejbuss 18,2026-04-01T13:56:16+03:00,2026-04-01T13:56:21+03:00
trip_update_TROL18-06-1-260323-ab-1420,TROL18-06-1-260323-ab-1420,,,,,,,,,0,27646,Trolejbuss 18,2026-04-01T13:56:15+03:00,2026-04-01T13:56:21+03:00
trip_update_TROL18-06-1-260323-ba-1340,TROL18-06-1-260323-ba-1340,,,,,,,,,0,27646,Trolejbuss 18,2026-04-01T13:56:15+03:00,2026-04-01T13:56:21+03:00
trip_update_TROL19-01-1-260323-ab-1340,TROL19-01-1-260323-ab-1340,,,,,,,,,0,19881,Trolejbuss 19,2026-04-01T13:56:16+03:00,2026-04-01T13:56:21+03:00
trip_update_TROL19-01-1-260323-ba-1420,TROL19-01-1-260323-ba-1420,,,,,,,,,0,19881,Trolejbuss 19,2026-04-01T13:56:16+03:00,2026-04-01T13:56:21+03:00
trip_update_TROL19-02-1-260323-ab-1350,TROL19-02-1-260323-ab-1350,,,,,,,,,0,19868,Trolejbuss 19,2026-04-01T13:56:15+03:00,2026-04-01T13:56:21+03:00
trip_update_TROL19-02-1-260323-ba-1430,TROL19-02-1-260323-ba-1430,,,,,,,,,0,19868,Trolejbuss 19,2026-04-01T13:56:15+03:00,2026-04-01T13:56:21+03:00
trip_update_TROL19-03-1-260323-ab-1410,TROL19-03-1-260323-ab-1410,,,,,,,,,0,29157,Trolejbuss 19,2026-04-01T13:56:14+03:00,2026-04-01T13:56:21+03:00
trip_update_TROL19-03-1-260323-bca-1450,TROL19-03-1-260323-bca-1450,,,,,,,,,0,29157,Trolejbuss 19,2026-04-01T13:56:14+03:00,2026-04-01T13:56:21+03:00
trip_update_TROL19-04-1-260323-ab-1420,TROL19-04-1-260323-ab-1420,,,,,,,,,0,19672,Trolejbuss 19,2026-04-01T13:56:13+03:00,2026-04-01T13:56:21+03:00
trip_update_TROL19-04-1-260323-ba-1340,TROL19-04-1-260323-ba-1340,,,,,,,,,0,19672,Trolejbuss 19,2026-04-01T13:56:13+03:00,2026-04-01T13:56:21+03:00
trip_update_TROL19-05-1-260323-acb-1440,TROL19-05-1-260323-acb-1440,,,,,,,,,0,19759,Trolejbuss 19,2026-04-01T13:56:17+03:00,2026-04-01T13:56:21+03:00
trip_update_TROL19-05-1-260323-ba-1350,TROL19-05-1-260323-ba-1350,,,,,,,,,0,19759,Trolejbuss 19,2026-04-01T13:56:17+03:00,2026-04-01T13:56:21+03:00
trip_update_TROL19-06-1-260323-ab-1320,TROL19-06-1-260323-ab-1320,,,,,,,,,0,28598,Trolejbuss 19,2026-04-01T13:56:16+03:00,2026-04-01T13:56:21+03:00
trip_update_TROL19-06-1-260323-ba-1410,TROL19-06-1-260323-ba-1410,,,,,,,,,0,28598,Trolejbuss 19,2026-04-01T13:56:16+03:00,2026-04-01T13:56:21+03:00
trip_update_TROL20-01-1-260323-ab-1350,TROL20-01-1-260323-ab-1350,,,,,,,,,0,19487,Trolejbuss 20,2026-04-01T13:56:14+03:00,2026-04-01T13:56:21+03:00
trip_update_TROL20-01-1-260323-ab-1430,TROL20-01-1-260323-ab-1430,,,,,,,,,0,19487,Trolejbuss 20,2026-04-01T13:56:14+03:00,2026-04-01T13:56:21+03:00
trip_update_TROL20-01-1-260323-ba-1420,TROL20-01-1-260323-ba-1420,,,,,,,,,0,19487,Trolejbuss 20,2026-04-01T13:56:14+03:00,2026-04-01T13:56:21+03:00
trip_update_TROL20-01-1-260323-ba-1500,TROL20-01-1-260323-ba-1500,,,,,,,,,0,19487,Trolejbuss 20,2026-04-01T13:56:14+03:00,2026-04-01T13:56:21+03:00
trip_update_TROL22-01-1-260323-ab-1400,TROL22-01-1-260323-ab-1400,,,,,,,,,0,17889,Trolejbuss 22,2026-04-01T13:56:16+03:00,2026-04-01T13:56:21+03:00
trip_update_TROL22-01-1-260323-ba-1430,TROL22-01-1-260323-ba-1430,,,,,,,,,0,17889,Trolejbuss 22,2026-04-01T13:56:16+03:00,2026-04-01T13:56:21+03:00
trip_update_TROL22-02-1-260323-ab-1410,TROL22-02-1-260323-ab-1410,,,,,,,,,0,17649,Trolejbuss 22,2026-04-01T13:56:17+03:00,2026-04-01T13:56:21+03:00
trip_update_TROL22-02-1-260323-ba-1340,TROL22-02-1-260323-ba-1340,,,,,,,,,0,17649,Trolejbuss 22,2026-04-01T13:56:17+03:00,2026-04-01T13:56:21+03:00
trip_update_TROL22-02-1-260323-ba-1440,TROL22-02-1-260323-ba-1440,,,,,,,,,0,17649,Trolejbuss 22,2026-04-01T13:56:17+03:00,2026-04-01T13:56:21+03:00
trip_update_TROL22-03-1-260323-ab-1420,TROL22-03-1-260323-ab-1420,,,,,,,,,0,17584,Trolejbuss 22,2026-04-01T13:56:01+03:00,2026-04-01T13:56:21+03:00
trip_update_TROL22-03-1-260323-ba-1350,TROL22-03-1-260323-ba-1350,,,,,,,,,0,17584,Trolejbuss 22,2026-04-01T13:56:01+03:00,2026-04-01T13:56:21+03:00
trip_update_TROL22-05-1-260323-ab-1440,TROL22-05-1-260323-ab-1440,,,,,,,,,0,17769,Trolejbuss 22,2026-04-01T13:56:16+03:00,2026-04-01T13:56:21+03:00
trip_update_TROL22-05-1-260323-ba-1400,TROL22-05-1-260323-ba-1400,,,,,,,,,0,17769,Trolejbuss 22,2026-04-01T13:56:16+03:00,2026-04-01T13:56:21+03:00
trip_update_TROL22-06-1-260323-ab-1340,TROL22-06-1-260323-ab-1340,,,,,,,,,0,17693,Trolejbuss 22,2026-04-01T13:56:15+03:00,2026-04-01T13:56:21+03:00
trip_update_TROL22-06-1-260323-ab-1450,TROL22-06-1-260323-ab-1450,,,,,,,,,0,17693,Trolejbuss 22,2026-04-01T13:56:15+03:00,2026-04-01T13:56:21+03:00
trip_update_TROL22-06-1-260323-ba-1420,TROL22-06-1-260323-ba-1420,,,,,,,,,0,17693,Trolejbuss 22,2026-04-01T13:56:15+03:00,2026-04-01T13:56:21+03:00
trip_update_TROL23-01-1-260323-ab-1410,TROL23-01-1-260323-ab-1410,,,,,,,,,0,27561,Trolejbuss 23,2026-04-01T13:56:14+03:00,2026-04-01T13:56:21+03:00
trip_update_TROL23-01-1-260323-ba-1340,TROL23-01-1-260323-ba-1340,,,,,,,,,0,27561,Trolejbuss 23,2026-04-01T13:56:14+03:00,2026-04-01T13:56:21+03:00
trip_update_TROL23-01-1-260323-ba-1440,TROL23-01-1-260323-ba-1440,,,,,,,,,0,27561,Trolejbuss 23,2026-04-01T13:56:14+03:00,2026-04-01T13:56:21+03:00
trip_update_TROL23-02-1-260323-ab-1420,TROL23-02-1-260323-ab-1420,,,,,,,,,0,27515,Trolejbuss 23,2026-04-01T13:56:15+03:00,2026-04-01T13:56:21+03:00
trip_update_TROL23-02-1-260323-ba-1350,TROL23-02-1-260323-ba-1350,,,,,,,,,0,27515,Trolejbuss 23,2026-04-01T13:56:15+03:00,2026-04-01T13:56:21+03:00
trip_update_TROL23-02-1-260323-ba-1450,TROL23-02-1-260323-ba-1450,,,,,,,,,0,27515,Trolejbuss 23,2026-04-01T13:56:15+03:00,2026-04-01T13:56:21+03:00
trip_update_TROL23-03-1-260323-ab-1430,TROL23-03-1-260323-ab-1430,,,,,,,,,0,27319,Trolejbuss 23,2026-04-01T13:56:17+03:00,2026-04-01T13:56:21+03:00
trip_update_TROL23-03-1-260323-ba-1410,TROL23-03-1-260323-ba-1410,,,,,,,,,0,27319,Trolejbuss 23,2026-04-01T13:56:17+03:00,2026-04-01T13:56:21+03:00
trip_update_TROL23-05-1-260323-ab-1340,TROL23-05-1-260323-ab-1340,,,,,,,,,0,27722,Trolejbuss 23,2026-04-01T13:54:12+03:00,2026-04-01T13:56:21+03:00
trip_update_TROL23-05-1-260323-ab-1440,TROL23-05-1-260323-ab-1440,,,,,,,,,0,27722,Trolejbuss 23,2026-04-01T13:54:12+03:00,2026-04-01T13:56:21+03:00
trip_update_TROL23-05-1-260323-ba-1420,TROL23-05-1-260323-ba-1420,,,,,,,,,0,27722,Trolejbuss 23,2026-04-01T13:54:12+03:00,2026-04-01T13:56:21+03:00
trip_update_TROL23-06-1-260323-ab-1350,TROL23-06-1-260323-ab-1350,,,,,,,,,0,27298,Trolejbuss 23,2026-04-01T13:56:17+03:00,2026-04-01T13:56:21+03:00
trip_update_TROL23-06-1-260323-ab-1450,TROL23-06-1-260323-ab-1450,,,,,,,,,0,27298,Trolejbuss 23,2026-04-01T13:56:17+03:00,2026-04-01T13:56:21+03:00
trip_update_TROL23-06-1-260323-ba-1430,TROL23-06-1-260323-ba-1430,,,,,,,,,0,27298,Trolejbuss 23,2026-04-01T13:56:17+03:00,2026-04-01T13:56:21+03:00
trip_update_TROL23-07-1-260323-ab-1400,TROL23-07-1-260323-ab-1400,,,,,,,,,0,27330,Trolejbuss 23,2026-04-01T13:56:03+03:00,2026-04-01T13:56:21+03:00
trip_update_TROL23-07-1-260323-ba-1330,TROL23-07-1-260323-ba-1330,,,,,,,,,0,27330,Trolejbuss 23,2026-04-01T13:56:03+03:00,2026-04-01T13:56:21+03:00
trip_update_TROL23-07-1-260323-ba-1430,TROL23-07-1-260323-ba-1430,,,,,,,,,0,27330,Trolejbuss 23,2026-04-01T13:56:03+03:00,2026-04-01T13:56:21+03:00
trip_update_TROL25-01-1-260323-ab-1410,TROL25-01-1-260323-ab-1410,,,,,,,,,0,27112,Trolejbuss 25,2026-04-01T13:56:02+03:00,2026-04-01T13:56:21+03:00
trip_update_TROL25-01-1-260323-ba-1330,TROL25-01-1-260323-ba-1330,,,,,,,,,0,27112,Trolejbuss 25,2026-04-01T13:56:02+03:00,2026-04-01T13:56:21+03:00
trip_update_TROL25-01-1-260323-ba-1450,TROL25-01-1-260323-ba-1450,,,,,,,,,0,27112,Trolejbuss 25,2026-04-01T13:56:02+03:00,2026-04-01T13:56:21+03:00
trip_update_TROL25-02-1-260323-ab-1420,TROL25-02-1-260323-ab-1420,,,,,,,,,0,27232,Trolejbuss 25,2026-04-01T13:56:15+03:00,2026-04-01T13:56:21+03:00
trip_update_TROL25-02-1-260323-ba-1340,TROL25-02-1-260323-ba-1340,,,,,,,,,0,27232,Trolejbuss 25,2026-04-01T13:56:15+03:00,2026-04-01T13:56:21+03:00
trip_update_TROL25-03-1-260323-ab-1430,TROL25-03-1-260323-ab-1430,,,,,,,,,0,27145,Trolejbuss 25,2026-04-01T13:56:13+03:00,2026-04-01T13:56:21+03:00
trip_update_TROL25-03-1-260323-ba-1400,TROL25-03-1-260323-ba-1400,,,,,,,,,0,27145,Trolejbuss 25,2026-04-01T13:56:13+03:00,2026-04-01T13:56:21+03:00
trip_update_TROL25-05-1-260323-ab-1330,TROL25-05-1-260323-ab-1330,,,,,,,,,0,22061,Trolejbuss 25,2026-04-01T13:56:01+03:00,2026-04-01T13:56:21+03:00
trip_update_TROL25-05-1-260323-ab-1450,TROL25-05-1-260323-ab-1450,,,,,,,,,0,22061,Trolejbuss 25,2026-04-01T13:56:01+03:00,2026-04-01T13:56:21+03:00
trip_update_TROL25-05-1-260323-ba-1410,TROL25-05-1-260323-ba-1410,,,,,,,,,0,22061,Trolejbuss 25,2026-04-01T13:56:01+03:00,2026-04-01T13:56:21+03:00
trip_update_TROL25-07-1-260323-ab-1340,TROL25-07-1-260323-ab-1340,,,,,,,,,0,27537,Trolejbuss 25,2026-04-01T13:56:12+03:00,2026-04-01T13:56:21+03:00
trip_update_TROL25-07-1-260323-ba-1420,TROL25-07-1-260323-ba-1420,,,,,,,,,0,27537,Trolejbuss 25,2026-04-01T13:56:12+03:00,2026-04-01T13:56:21+03:00
trip_update_TROL25-08-1-260323-ab-1400,TROL25-08-1-260323-ab-1400,,,,,,,,,0,27581,Trolejbuss 25,2026-04-01T13:56:15+03:00,2026-04-01T13:56:21+03:00
trip_update_TROL25-08-1-260323-ba-1440,TROL25-08-1-260323-ba-1440,,,,,,,,,0,27581,Trolejbuss 25,2026-04-01T13:56:15+03:00,2026-04-01T13:56:21+03:00
trip_update_TROL27-01-1-260323-ab-1430,TROL27-01-1-260323-ab-1430,,,,,,,,,0,29288,Trolejbuss 27,2026-04-01T13:56:16+03:00,2026-04-01T13:56:21+03:00
trip_update_TROL27-01-1-260323-ba-1400,TROL27-01-1-260323-ba-1400,,,,,,,,,0,29288,Trolejbuss 27,2026-04-01T13:56:16+03:00,2026-04-01T13:56:21+03:00
trip_update_TROL27-02-1-260323-ab-1330,TROL27-02-1-260323-ab-1330,,,,,,,,,0,29244,Trolejbuss 27,2026-04-01T13:56:18+03:00,2026-04-01T13:56:21+03:00
trip_update_TROL27-02-1-260323-ab-1450,TROL27-02-1-260323-ab-1450,,,,,,,,,0,29244,Trolejbuss 27,2026-04-01T13:56:18+03:00,2026-04-01T13:56:21+03:00
trip_update_TROL27-02-1-260323-ba-1420,TROL27-02-1-260323-ba-1420,,,,,,,,,0,29244,Trolejbuss 27,2026-04-01T13:56:18+03:00,2026-04-01T13:56:21+03:00
trip_update_TROL27-03-1-260323-ab-1350,TROL27-03-1-260323-ab-1350,,,,,,,,,0,29342,Trolejbuss 27,2026-04-01T13:56:14+03:00,2026-04-01T13:56:21+03:00
trip_update_TROL27-03-1-260323-ba-1440,TROL27-03-1-260323-ba-1440,,,,,,,,,0,29342,Trolejbuss 27,2026-04-01T13:56:14+03:00,2026-04-01T13:56:21+03:00
trip_update_TROL27-04-1-260323-ab-1410,TROL27-04-1-260323-ab-1410,,,,,,,,,0,29266,Trolejbuss 27,2026-04-01T13:48:46+03:00,2026-04-01T13:56:21+03:00
trip_update_TROL27-04-1-260323-ba-1340,TROL27-04-1-260323-ba-1340,,,,,,,,,0,29266,Trolejbuss 27,2026-04-01T13:48:46+03:00,2026-04-01T13:56:21+03:00
trip_update_TROL3-01-1-260323-ab-1350,TROL3-01-1-260323-ab-1350,,,,,,,,,0,17878,Trolejbuss 3,2026-04-01T13:56:16+03:00,2026-04-01T13:56:21+03:00
trip_update_TROL3-01-1-260323-ba-1420,TROL3-01-1-260323-ba-1420,,,,,,,,,0,17878,Trolejbuss 3,2026-04-01T13:56:16+03:00,2026-04-01T13:56:21+03:00
trip_update_TROL3-02-1-260323-ab-1400,TROL3-02-1-260323-ab-1400,,,,,,,,,0,17573,Trolejbuss 3,2026-04-01T13:56:14+03:00,2026-04-01T13:56:21+03:00
trip_update_TROL3-02-1-260323-ba-1430,TROL3-02-1-260323-ba-1430,,,,,,,,,0,17573,Trolejbuss 3,2026-04-01T13:56:14+03:00,2026-04-01T13:56:21+03:00
trip_update_TROL3-03-1-260323-ab-1410,TROL3-03-1-260323-ab-1410,,,,,,,,,0,17791,Trolejbuss 3,2026-04-01T13:56:16+03:00,2026-04-01T13:56:21+03:00
trip_update_TROL3-03-1-260323-ba-1330,TROL3-03-1-260323-ba-1330,,,,,,,,,0,17791,Trolejbuss 3,2026-04-01T13:56:16+03:00,2026-04-01T13:56:21+03:00
trip_update_TROL3-03-1-260323-ba-1440,TROL3-03-1-260323-ba-1440,,,,,,,,,0,17791,Trolejbuss 3,2026-04-01T13:56:16+03:00,2026-04-01T13:56:21+03:00
trip_update_TROL3-05-1-260323-ab-1420,TROL3-05-1-260323-ab-1420,,,,,,,,,0,17780,Trolejbuss 3,2026-04-01T13:56:14+03:00,2026-04-01T13:56:21+03:00
trip_update_TROL3-05-1-260323-ba-1340,TROL3-05-1-260323-ba-1340,,,,,,,,,0,17780,Trolejbuss 3,2026-04-01T13:56:14+03:00,2026-04-01T13:56:21+03:00
trip_update_TROL3-05-1-260323-ba-1450,TROL3-05-1-260323-ba-1450,,,,,,,,,0,17780,Trolejbuss 3,2026-04-01T13:56:14+03:00,2026-04-01T13:56:21+03:00
trip_update_TROL3-07-1-260323-ab-1430,TROL3-07-1-260323-ab-1430,,,,,,,,,0,17834,Trolejbuss 3,2026-04-01T13:56:03+03:00,2026-04-01T13:56:21+03:00
trip_update_TROL3-07-1-260323-ba-1350,TROL3-07-1-260323-ba-1350,,,,,,,,,0,17834,Trolejbuss 3,2026-04-01T13:56:03+03:00,2026-04-01T13:56:21+03:00
trip_update_TROL3-08-1-260323-ab-1340,TROL3-08-1-260323-ab-1340,,,,,,,,,0,17507,Trolejbuss 3,2026-04-01T13:56:18+03:00,2026-04-01T13:56:21+03:00
trip_update_TROL3-08-1-260323-ab-1440,TROL3-08-1-260323-ab-1440,,,,,,,,,0,17507,Trolejbuss 3,2026-04-01T13:56:18+03:00,2026-04-01T13:56:21+03:00
trip_update_TROL3-08-1-260323-ba-1410,TROL3-08-1-260323-ba-1410,,,,,,,,,0,17507,Trolejbuss 3,2026-04-01T13:56:18+03:00,2026-04-01T13:56:21+03:00
trip_update_TROL3-10-1-260323-ab1-1340,TROL3-10-1-260323-ab1-1340,,,,,,,,,0,17998,Trolejbuss 3,2026-04-01T13:56:13+03:00,2026-04-01T13:56:21+03:00
trip_update_TROL3-10-1-260323-b1a-1420,TROL3-10-1-260323-b1a-1420,,,,,,,,,0,17998,Trolejbuss 3,2026-04-01T13:56:13+03:00,2026-04-01T13:56:21+03:00
trip_update_TROL31-02-1-260323-ab-1330,TROL31-02-1-260323-ab-1330,,,,,,,,,0,28543,Trolejbuss 31,2026-04-01T13:56:14+03:00,2026-04-01T13:56:21+03:00
trip_update_TROL31-02-1-260323-ba-1430,TROL31-02-1-260323-ba-1430,,,,,,,,,0,28543,Trolejbuss 31,2026-04-01T13:56:14+03:00,2026-04-01T13:56:21+03:00
trip_update_TROL31-03-1-260323-ab-1400,TROL31-03-1-260323-ab-1400,,,,,,,,,0,28423,Trolejbuss 31,2026-04-01T13:56:14+03:00,2026-04-01T13:56:21+03:00
trip_update_TROL31-05-1-260323-ab-1430,TROL31-05-1-260323-ab-1430,,,,,,,,,0,28478,Trolejbuss 31,2026-04-01T13:56:18+03:00,2026-04-01T13:56:21+03:00
trip_update_TROL31-05-1-260323-ba-1330,TROL31-05-1-260323-ba-1330,,,,,,,,,0,28478,Trolejbuss 31,2026-04-01T13:56:18+03:00,2026-04-01T13:56:21+03:00
trip_update_TROL34-01-1-260323-ab-1440,TROL34-01-1-260323-ab-1440,,,,,,,,,0,19737,Trolejbuss 34,2026-04-01T13:56:14+03:00,2026-04-01T13:56:21+03:00
trip_update_TROL34-01-1-260323-ba-1340,TROL34-01-1-260323-ba-1340,,,,,,,,,0,19737,Trolejbuss 34,2026-04-01T13:56:14+03:00,2026-04-01T13:56:21+03:00
trip_update_TROL34-02-1-260323-ab-1340,TROL34-02-1-260323-ab-1340,,,,,,,,,0,19683,Trolejbuss 34,2026-04-01T13:56:15+03:00,2026-04-01T13:56:21+03:00
trip_update_TROL34-02-1-260323-ba-1440,TROL34-02-1-260323-ba-1440,,,,,,,,,0,19683,Trolejbuss 34,2026-04-01T13:56:15+03:00,2026-04-01T13:56:21+03:00
trip_update_TROL35-01-1-260323-ab-1430,TROL35-01-1-260323-ab-1430,,,,,,,,,0,29375,Trolejbuss 35,2026-04-01T13:56:17+03:00,2026-04-01T13:56:21+03:00
trip_update_TROL35-01-1-260323-ba-1350,TROL35-01-1-260323-ba-1350,,,,,,,,,0,29375,Trolejbuss 35,2026-04-01T13:56:17+03:00,2026-04-01T13:56:21+03:00
trip_update_TROL35-04-1-260323-ab-1340,TROL35-04-1-260323-ab-1340,,,,,,,,,0,29311,Trolejbuss 35,2026-04-01T13:56:17+03:00,2026-04-01T13:56:21+03:00
trip_update_TROL35-04-1-260323-ba-1440,TROL35-04-1-260323-ba-1440,,,,,,,,,0,29311,Trolejbuss 35,2026-04-01T13:56:17+03:00,2026-04-01T13:56:21+03:00
trip_update_TROL4-01-1-260323-ba-1410,TROL4-01-1-260323-ba-1410,,,,,,,,,0,27201,Trolejbuss 4,2026-04-01T13:56:14+03:00,2026-04-01T13:56:21+03:00
trip_update_TROL4-03-1-260323-ab-1300,TROL4-03-1-260323-ab-1300,,,,,,,,,0,27602,Trolejbuss 4,2026-04-01T13:56:15+03:00,2026-04-01T13:56:21+03:00
trip_update_TROL4-03-1-260323-ba-1430,TROL4-03-1-260323-ba-1430,,,,,,,,,0,27602,Trolejbuss 4,2026-04-01T13:56:15+03:00,2026-04-01T13:56:21+03:00
trip_update_TROL4-05-1-260323-ab-1310,TROL4-05-1-260323-ab-1310,,,,,,,,,0,22006,Trolejbuss 4,2026-04-01T13:56:03+03:00,2026-04-01T13:56:21+03:00
trip_update_TROL4-05-1-260323-ba-1440,TROL4-05-1-260323-ba-1440,,,,,,,,,0,22006,Trolejbuss 4,2026-04-01T13:56:03+03:00,2026-04-01T13:56:21+03:00
trip_update_TROL4-07-1-260323-ab-1330,TROL4-07-1-260323-ab-1330,,,,,,,,,0,17703,Trolejbuss 4,2026-04-01T13:56:02+03:00,2026-04-01T13:56:21+03:00
trip_update_TROL4-07-1-260323-ba-1500,TROL4-07-1-260323-ba-1500,,,,,,,,,0,17703,Trolejbuss 4,2026-04-01T13:56:02+03:00,2026-04-01T13:56:21+03:00
trip_update_TROL4-11-1-260323-ab-1400,TROL4-11-1-260323-ab-1400,,,,,,,,,0,17551,Trolejbuss 4,2026-04-01T13:56:14+03:00,2026-04-01T13:56:21+03:00
trip_update_TROL4-13-1-260323-ab-1420,TROL4-13-1-260323-ab-1420,,,,,,,,,0,17845,Trolejbuss 4,2026-04-01T13:56:02+03:00,2026-04-01T13:56:21+03:00
trip_update_TROL4-13-1-260323-ba-1300,TROL4-13-1-260323-ba-1300,,,,,,,,,0,17845,Trolejbuss 4,2026-04-01T13:56:02+03:00,2026-04-01T13:56:21+03:00
trip_update_TROL4-16-1-260323-ab-1430,TROL4-16-1-260323-ab-1430,,,,,,,,,0,22094,Trolejbuss 4,2026-04-01T13:56:01+03:00,2026-04-01T13:56:21+03:00
trip_update_TROL4-16-1-260323-ba-1310,TROL4-16-1-260323-ba-1310,,,,,,,,,0,22094,Trolejbuss 4,2026-04-01T13:56:01+03:00,2026-04-01T13:56:21+03:00
trip_update_TROL4-18-1-260323-ab-1450,TROL4-18-1-260323-ab-1450,,,,,,,,,0,27711,Trolejbuss 4,2026-04-01T13:56:17+03:00,2026-04-01T13:56:21+03:00
trip_update_TROL4-18-1-260323-ba-1330,TROL4-18-1-260323-ba-1330,,,,,,,,,0,27711,Trolejbuss 4,2026-04-01T13:56:17+03:00,2026-04-01T13:56:21+03:00
trip_update_TROL4-20-1-260323-ba-1340,TROL4-20-1-260323-ba-1340,,,,,,,,,0,17682,Trolejbuss 4,2026-04-01T13:56:16+03:00,2026-04-01T13:56:21+03:00
trip_update_TROL4-22-1-260323-ba-1400,TROL4-22-1-260323-ba-1400,,,,,,,,,0,27679,Trolejbuss 4,2026-04-01T13:56:18+03:00,2026-04-01T13:56:21+03:00
trip_update_TROL5-01-1-260323-ab-1410,TROL5-01-1-260323-ab-1410,,,,,,,,,0,19617,Trolejbuss 5,2026-04-01T13:56:16+03:00,2026-04-01T13:56:21+03:00
trip_update_TROL5-01-1-260323-ba-1440,TROL5-01-1-260323-ba-1440,,,,,,,,,0,19617,Trolejbuss 5,2026-04-01T13:56:16+03:00,2026-04-01T13:56:21+03:00
trip_update_TROL5-02-1-260323-ab-1430,TROL5-02-1-260323-ab-1430,,,,,,,,,0,19476,Trolejbuss 5,2026-04-01T13:56:13+03:00,2026-04-01T13:56:21+03:00
trip_update_TROL5-02-1-260323-ba-1350,TROL5-02-1-260323-ba-1350,,,,,,,,,0,19476,Trolejbuss 5,2026-04-01T13:56:13+03:00,2026-04-01T13:56:21+03:00
trip_update_TROL5-03-1-260323-ab-1340,TROL5-03-1-260323-ab-1340,,,,,,,,,0,19792,Trolejbuss 5,2026-04-01T13:56:16+03:00,2026-04-01T13:56:21+03:00
trip_update_TROL5-03-1-260323-ba-1420,TROL5-03-1-260323-ba-1420,,,,,,,,,0,19792,Trolejbuss 5,2026-04-01T13:56:16+03:00,2026-04-01T13:56:21+03:00
trip_update_TROL9-01-1-251124-ab-1430,TROL9-01-1-251124-ab-1430,riga_trol_9,9,Stacijas laukums - Iļģuciems,,,0.0,Iļģuciems,riga_trol_9_a-b,0,27635,Trolejbuss 9,2026-04-01T13:56:16+03:00,2026-04-01T13:56:21+03:00
trip_update_TROL9-01-1-251124-ba-1400,TROL9-01-1-251124-ba-1400,riga_trol_9,9,Stacijas laukums - Iļģuciems,,,1.0,Stacijas laukums,riga_trol_9_b-a,0,27635,Trolejbuss 9,2026-04-01T13:56:16+03:00,2026-04-01T13:56:21+03:00
trip_update_TROL9-02-1-251124-ab-1340,TROL9-02-1-251124-ab-1340,riga_trol_9,9,Stacijas laukums - Iļģuciems,,,0.0,Iļģuciems,riga_trol_9_a-b,0,27276,Trolejbuss 9,2026-04-01T13:56:15+03:00,2026-04-01T13:56:21+03:00
trip_update_TROL9-02-1-251124-ab-1450,TROL9-02-1-251124-ab-1450,riga_trol_9,9,Stacijas laukums - Iļģuciems,,,0.0,Iļģuciems,riga_trol_9_a-b,0,27276,Trolejbuss 9,2026-04-01T13:56:15+03:00,2026-04-01T13:56:21+03:00
trip_update_TROL9-02-1-251124-ba-1420,TROL9-02-1-251124-ba-1420,riga_trol_9,9,Stacijas laukums - Iļģuciems,,,1.0,Stacijas laukums,riga_trol_9_b-a,0,27276,Trolejbuss 9,2026-04-01T13:56:15+03:00,2026-04-01T13:56:21+03:00
trip_update_TROL9-03-1-251124-ab-1400,TROL9-03-1-251124-ab-1400,riga_trol_9,9,Stacijas laukums - Iļģuciems,,,0.0,Iļģuciems,riga_trol_9_a-b,0,27657,Trolejbuss 9,2026-04-01T13:56:14+03:00,2026-04-01T13:56:21+03:00
trip_update_TROL9-03-1-251124-ba-1340,TROL9-03-1-251124-ba-1340,riga_trol_9,9,Stacijas laukums - Iļģuciems,,,1.0,Stacijas laukums,riga_trol_9_b-a,0,27657,Trolejbuss 9,2026-04-01T13:56:14+03:00,2026-04-01T13:56:21+03:00
trip_update_TROL9-03-1-251124-ba-1440,TROL9-03-1-251124-ba-1440,riga_trol_9,9,Stacijas laukums - Iļģuciems,,,1.0,Stacijas laukums,riga_trol_9_b-a,0,27657,Trolejbuss 9,2026-04-01T13:56:14+03:00,2026-04-01T13:56:21+03:00
